"","CITY_ID","CWM_City","country_name","PWS_Final","PWS_binary","USA","Water_Area","Water_Quant","DVSN_NUM","GWDRT_MEAN","SWDRT_MEAN","DRT_WGT","TOPO_RANGE","TOPO_MEAN","area_sum","ws_pop_sum","WS_Dens_mean","StorBL","PctSW","WS_Adm","Distance","Avg_Distance","Cover_PctForest","Cover_PctAgpast","PctProtected","Cons_spending","Cons_IUCN","CITY_POP","Gov_Index","Doing.Business.Indicator","Enforcing.Contracts.Indicator","Natl_GDP_Curr","Natl_GDP_per_capita_Curr","AvgAnnGrowth","Property_Rights_GCR"
"1",10,"London","United Kingdom","NO",0,0,11348.25655,3480,26,1,1,1,4.343379974,0.731407054,107420.3998,41227802.1,61730.41914,0,100,0,3998,16706.5,12.29,69.2,33,701.211,0.89,471805,1.399,80.96,68.08,2.99e+12,46332,2.4,6.3
"2",11,"Pretoria","South Africa","YES",1,0,1894.670255,3853,8,NA,6.933422104,6.933422104,20.4578495,1.506613115,81955.82762,1962370.375,334.3543531,6834032,100,3,401858,144469.5,0.07,34.67,4.02,111.036,0.37,1666320,0.229,71.08,66.14,3.5e+11,6483,3.1,5.5
"3",12,"Sydney","Australia","NO",0,0,17573.73249,1644,16,NA,3.216438356,3.216438356,20.78153876,2.726428818,28196.11245,6254940.462,636.3339745,3348,100,0,23036,89141.0625,46.15,6.73,33.57,526.113,1.63,4364380,1.564,80.66,77.06,1.45e+12,61926,3.4,5.9
"4",13,"Tokyo","Japan","NO",0,0,14480.593,4334,21,NA,NA,NA,33.88026047,4.282412153,20960.78303,112644176,12306.88544,30282,100,0,52876,85092.90476,63.76,17.69,28.22,NA,0.15,36833979,1.306,74.8,69.95,4.6e+12,36194,0.8,6.2
"5",14,"Sao Paulo","Brazil","YES",1,0,9548.977335,5789,14,NA,NA,NA,16.9702425,2.49240256,9658.597546,5541247.542,275888.16,2394,100,0,87777,48352,40.48,16.97,44.69,180.884,0.09,19659808,-0.027,58.01,53.6,2.35e+12,11384,3.1,3.9
"6",15,"Dublin","Ireland","NO",0,0,1220.280232,540,9,NA,NA,NA,11.70157052,1.678613852,1584.805112,17448668.15,15388.31295,0,100,1,15000,23739.55556,17,7.72,18.78,1.158,0.77,1100238,1.415,80.07,75.47,2.51e+11,54374,5,6.1
"7",16,"Buenos Aires","Argentina","NO",0,0,2866861.686,4777,3,1.488886042,2.70805351,2.098469776,40.05744553,1.084984747,2866861.685,41084.32227,399.9368258,0,50.5,2,17868,9369.666667,12.56,35.51,5.97,38.688,0.47,14245871,-0.362,57.48,63.88,5.38e+11,12510,3.3,2.9
"8",17,"Dhaka","Bangladesh","NO",0,0,9371.688621,2150,6,6.329208118,4.802816901,4.802816901,1.259570122,0.074101469,9375.824847,10699.77406,5.638640679,0,100,1,7512,5048.75,4.33,89.82,1.95,8.456,0.12,14730537,-0.918,46.84,20.82,1.73e+11,1087,5.4,3.5
"9",18,"Rio de Janeiro","Brazil","YES",1,0,19836.77233,4900,7,NA,2.068493151,2.068493151,24.91654205,3.027546032,20167.62809,8422793.938,544.1202348,0,100,0,57457,55461,23.92,15.65,27.65,180.884,0.09,12373884,-0.027,58.01,53.6,2.35e+12,11384,3.1,3.9
"10",19,"Santiago","Chile","NO",0,0,5022.506577,1900,8,8.927751519,9,8.98193788,37.55476475,15.04424394,5587.89884,90240215.86,251.4062767,1.76e+09,75.25,2,58271,31769,4.86,8.55,3.56,16.936,0.38,6269330,1.174,71.24,63.85,2.58e+11,14528,4.4,5.1
"11",20,"Beijing","China","YES",1,0,138811.8385,9453,7,7.315819957,3.728677473,3.728677473,33.86460495,5.3414685,138811.8385,9960537.559,2034.849091,0,100,0,64648,164658.2857,53.25,12.4,0,145.644,0.01,16189572,-0.545,62.58,68.21,1.04e+13,7590,9.7,4.4
"12",21,"Shanghai","China","NO",0,0,1933961.815,9463,4,6.34336123,4.003246554,4.588275223,43.55672455,4.622884022,3847536.401,295062.4687,6155.396964,1778,75.25,2,26512,36251.75,28.37,44.64,1.98,145.644,0.01,19979977,-0.545,62.58,68.21,1.04e+13,7590,9.7,4.4
"13",22,"Bogota","Colombia","YES",1,0,1030.804091,1283,9,NA,4.298245614,4.298245614,15.11377342,5.162183544,1034.450424,27111714.34,5.075924057,244719,100,0,34080,35754.88889,20.77,11.82,19.25,67.96,0.21,8505956,-0.307,72.29,37.66,3.78e+11,7904,3.7,4.1
"14",23,"Kinshasa","Congo, DRC","NO",0,0,3649346.083,650,4,NA,3.184532399,3.184532399,35.07555389,0.916423788,10948333.54,199848775,0.005797743,0,100,3,5021,8595,41.42,4.94,9.62,7.981,0.08,9381673,-1.57,40.6,33.51,33121070959,442,3.6,NA
"15",24,"Guayaquil","Ecuador","NO",0,0,13423.48608,1030,1,NA,8.821727019,8.821727019,9.215694427,1.008250348,13423.48608,179013.3673,NA,0,100,0,25062,25062,10.29,48.46,0,22.74,1.56,2492304,-0.578,58.88,58.3,1.01e+11,6346,3.6,3.9
"16",25,"Cairo","Egypt","NO",0,0,2918490.123,6400,4,NA,5.00609611,5.00609611,36.10233688,0.951943484,8753959.621,94158.6163,0,2560.84,100,3,24720,9810.25,1.52,21.56,7.91,9.083,0.06,16899015,-0.908,59.54,44.02,2.87e+11,3199,4.4,3.9
"17",26,"Alexandria","Egypt","NO",0,0,2923449.377,2300,8,NA,NA,NA,2.970569849,0.172765481,2923449.376,4524.481838,2778.130325,8117.6,100,1,49530,18185.25,0.29,72.63,7.89,9.083,0.06,4332570,-0.908,59.54,44.02,2.87e+11,3199,4.4,3.9
"18",27,"Berlin","Germany","NO",0,0,NA,585,9,1,NA,1,3.756281614,0.349883255,0,0,1142.297979,3744.9,0,0,21632,18731,40.52,53.51,41.39,102.923,0.28,3474830,1.466,79.73,76.74,3.87e+12,47822,1.4,5.8
"19",28,"Accra","Ghana","NO",0,0,406083.2381,290,2,NA,4.252138903,4.252138903,16.26727867,0.568965846,406083.2381,0,6065.950006,0,100,1,71494,43207,0.17,44.62,11.26,11.485,0.25,2060076,0.076,65.24,57.59,38616536132,1442,5.8,4.2
"20",29,"Hong Kong","China","NO",0,0,27144.70701,2529,14,NA,1,1,20.51902008,3.109005402,27253.80771,42124911.11,5551.457484,3.64e+15,100,1,16733,20662.71429,56.56,13.46,0,145.644,0.01,7049514,-0.545,62.58,68.21,1.04e+13,7590,9.7,4.4
"21",30,"Thane","India","NO",0,0,3719.597583,362,3,NA,7,7,24.51463032,2.606829873,4312.311298,95396.37905,2.744317746,0,100,0,51216,33896.66667,9.24,50.09,2.37,119.86,0.02,1862000,-0.35,53.97,25.81,2.05e+12,1582,7,3.8
"22",31,"Thiruvananthapuram","India","NO",0,0,264.4026069,151,2,NA,1,1,20.10495474,3.743576452,375.8578791,19422.81769,224.094534,0,100,0,NA,NA,64.11,23.85,36.92,119.86,0.02,1647769,-0.35,53.97,25.81,2.05e+12,1582,7,3.8
"23",32,"Jakarta","Indonesia","YES",1,0,7742.464125,849,11,NA,5,5,26.1714325,3.38736673,37222.98064,73916280.47,5434.039027,217396,100,0,101237,41364.63636,40.24,38.5,6.55,30.364,0,9629953,-0.352,59.15,37.28,8.89e+11,3492,4.6,4.3
"24",34,"Abidjan","Cote d'Ivoire","NO",0,0,NA,502,1,1,NA,1,2.907448053,0.504901859,0,0,0,0,0,0,9630,9630,35.21,41.43,10.6,5.05,0.06,4150288,-0.884,52.26,61.88,34253607832,1546,2.8,4.2
"25",35,"Osaka","Japan","NO",0,0,7107.79465,NA,5,NA,NA,NA,25.38755226,3.152810122,18580.12127,8234295.021,69650.13778,0,100,0,52586,43689.6,66.58,17.06,27.66,NA,0.15,19491722,1.306,74.8,69.95,4.6e+12,36194,0.8,6.2
"26",36,"Nairobi","Kenya","YES",1,0,283.0946133,459,4,NA,4,4,10.38459976,2.438148232,283.094734,2483300.029,1627.707263,383.2,75.25,0,52437,39990.75,27.69,23.2,0,39.036,0.29,3236589,-0.673,54.98,48.96,60936509778,1358,4,4.2
"27",37,"Mexico City","Mexico","YES",1,0,3490.573424,6851,9,NA,6.740540541,6.740540541,18.62350905,4.652865519,5541.606489,1022447.52,60.67503005,7123500000,100,0,1856,84270,31.21,25.15,57.21,94.044,0.12,20131688,-0.158,71.53,64.61,1.29e+12,10326,2.6,4
"28",38,"Casablanca","Morocco","NO",0,0,44612.61811,466,4,8.045685279,7.278936017,7.470623333,28.67922592,3.142452157,77114.81407,51923.20008,2346.69616,0,75.25,0,82433,57973.75,0.19,59.39,15.43,4.333,0.2,3405238,-0.345,65.06,60.14,1.1e+11,3190,4.4,4.7
"29",39,"Dehra Dun","India","NO",0,0,5195.904472,136,7,NA,NA,NA,NA,NA,5201.283715,100097864.3,753.1800745,0,75.25,0,14885,11652.42857,48.98,9.74,8.81,119.86,0.02,699989,-0.35,53.97,25.81,2.05e+12,1582,7,3.8
"30",40,"Jammu","India","NO",0,0,2162.455724,2122,2,7.790919765,1.837606838,4.814263301,25.86031945,7.425049118,2162.455724,0,11023.44899,0,50.5,0,1490,1100,14.1,67.44,6.39,119.86,0.02,648787,-0.35,53.97,25.81,2.05e+12,1582,7,3.8
"31",41,"Mussorie","India","NO",0,0,NA,136,7,NA,NA,NA,NA,NA,0,0,2397.341671,0,0,0,4318,2773.714286,NA,NA,NA,119.86,0.02,NA,-0.35,53.97,25.81,2.05e+12,1582,7,3.8
"32",42,"Nainital","India","NO",0,0,6.185897091,136,3,NA,NA,NA,8.670706272,7.0686184,6.185897075,15380264.12,169.4356697,0,50.5,0,338,437.6666667,26.67,3.33,0,119.86,0.02,NA,-0.35,53.97,25.81,2.05e+12,1582,7,3.8
"33",43,"Srinagar","India","NO",0,0,738.8895555,2122,6,1.260683761,1.153846154,1.153846154,32.22324767,8.077669454,1030.500555,1670792.8,411.2786301,0,100,0,550955,276426,25.63,36.52,17.86,119.86,0.02,1250571,-0.35,53.97,25.81,2.05e+12,1582,7,3.8
"34",44,"Uttarkashi","India","NO",0,0,4493.578715,142,3,NA,8,8,40.3916125,14.29866817,8987.15743,13185711.26,414.1872095,0,100,2,NA,NA,14.95,1.13,7.12,119.86,0.02,42300,-0.35,53.97,25.81,2.05e+12,1582,7,3.8
"35",45,"Agra","India","NO",0,0,47455.17898,245,1,NA,7.309928444,7.309928444,34.10624695,1.564787116,47455.17898,363022.8803,5902.268722,0,100,0,NA,NA,8.88,82.12,2,119.86,0.02,1714339,-0.35,53.97,25.81,2.05e+12,1582,7,3.8
"36",46,"Allahabad","India","NO",0,0,347258.8427,297,2,NA,8.418906161,8.418906161,10.88933659,0.430582845,347258.8427,8583.411732,2003008.343,0,50.5,0,NA,NA,3.37,83.58,3.23,119.86,0.02,1204808,-0.35,53.97,25.81,2.05e+12,1582,7,3.8
"37",47,"Amritsar","India","NO",0,0,NA,570,1,NA,NA,NA,NA,NA,0,0,0,0,0,0,1042,1042,0.18,83.16,6.39,119.86,0.02,1171367,-0.35,53.97,25.81,2.05e+12,1582,7,3.8
"38",48,"Bathinda","India","NO",0,0,78.78942613,327,2,NA,9,9,0.122084476,0.046895544,78.78942618,0,56381.5599,0,50.5,0,294,1551.5,0.09,85.84,6.39,119.86,0.02,280653,-0.35,53.97,25.81,2.05e+12,1582,7,3.8
"39",49,"Delhi","India","YES",1,0,97349.97324,7600,9,NA,7.674129353,7.674129353,41.85568619,8.786593074,109361.0031,18161910.29,492.7225366,0,100,2,210173,155075.6667,10.28,2.39,4.3,119.86,0.02,21935142,-0.35,53.97,25.81,2.05e+12,1582,7,3.8
"40",50,"Faridabad","India","NO",0,0,NA,570,1,NA,NA,NA,NA,NA,0,0,0,0,0,0,1937,1937,0.18,83.16,6.39,119.86,0.02,NA,-0.35,53.97,25.81,2.05e+12,1582,7,3.8
"41",51,"Gurgaon","India","NO",0,0,140.9806139,2229,2,NA,NA,NA,NA,NA,281.9612282,350375.5038,33459.5935,0,50.5,0,192770,99070,0.16,85.31,6.39,119.86,0.02,640000,-0.35,53.97,25.81,2.05e+12,1582,7,3.8
"42",52,"Kanpur","India","NO",0,0,86858.27561,390,3,NA,7.827710843,7.827710843,44.08214951,3.327627515,86858.27561,886769.3831,7107.170513,0,50.5,1,12135,12135,12.92,73.81,4.54,119.86,0.02,2904192,-0.35,53.97,25.81,2.05e+12,1582,7,3.8
"43",53,"Lucknow","India","NO",0,0,9063.924972,480,2,NA,5.18125,5.18125,0.606212497,0.081079743,9063.924972,0,0.444410989,0,50.5,0,1964,6210,1.57,89.6,3.28,119.86,0.02,2854192,-0.35,53.97,25.81,2.05e+12,1582,7,3.8
"44",54,"Mathura","India","NO",0,0,46716.2717,34,2,NA,NA,NA,NA,NA,46716.2717,213332.6857,13.96459679,0,50.5,0,1537,1294,6.84,78.53,4.21,119.86,0.02,444334,-0.35,53.97,25.81,2.05e+12,1582,7,3.8
"45",55,"Meerut","India","NO",0,0,22.38196581,222,2,NA,NA,NA,NA,NA,22.38196588,51778133.29,4.44024403,0,50.5,0,1211,6934.5,0.09,89.93,6.39,119.86,0.02,1406124,-0.35,53.97,25.81,2.05e+12,1582,7,3.8
"46",56,"Patna","India","NO",0,0,NA,325,1,NA,NA,NA,NA,NA,0,0,NA,0,0,0,NA,NA,6.34,81.07,4.01,119.86,0.02,2022108,-0.35,53.97,25.81,2.05e+12,1582,7,3.8
"47",57,"Yamunanagar","India","NO",0,0,14334.7099,2122,1,NA,NA,NA,NA,NA,0,0,0.709182598,0,0,0,940,940,0.18,83.16,6.39,119.86,0.02,377664,-0.35,53.97,25.81,2.05e+12,1582,7,3.8
"48",58,"Jagadhri","India","NO",0,0,NA,2122,1,NA,NA,NA,NA,NA,0,0,0,0,0,0,NA,NA,NA,NA,NA,119.86,0.02,NA,-0.35,53.97,25.81,2.05e+12,1582,7,3.8
"49",59,"Khanna","India","NO",0,0,NA,327,1,NA,NA,NA,NA,NA,0,0,0,0,0,0,1315,1315,0.18,83.16,6.39,119.86,0.02,NA,-0.35,53.97,25.81,2.05e+12,1582,7,3.8
"50",60,"Malaut","India","NO",0,0,NA,327,1,NA,NA,NA,NA,NA,55756.27059,1610.569292,NA,0,100,1,177727,177727,25.03,59.52,4.92,119.86,0.02,NA,-0.35,53.97,25.81,2.05e+12,1582,7,3.8
"51",61,"Mansa","India","NO",0,0,NA,327,1,NA,NA,NA,NA,NA,55756.27059,1610.569292,NA,0,100,1,NA,NA,8.28,5.17,4.92,119.86,0.02,NA,-0.35,53.97,25.81,2.05e+12,1582,7,3.8
"52",62,"Budhlada","India","NO",0,0,NA,327,1,NA,NA,NA,NA,NA,55756.27059,1610.569292,NA,0,100,1,NA,NA,8.28,5.17,4.92,119.86,0.02,NA,-0.35,53.97,25.81,2.05e+12,1582,7,3.8
"53",63,"Baretta","India","NO",0,0,9008.088709,327,1,NA,NA,NA,NA,NA,55756.27059,1610.569292,53531.19415,0,100,1,NA,NA,8.28,5.17,4.92,119.86,0.02,336286,-0.35,53.97,25.81,2.05e+12,1582,7,3.8
"54",64,"Bhuco","India","NO",0,0,NA,327,1,NA,NA,NA,NA,NA,0,0,0,0,0,0,729,729,0.18,83.16,6.39,119.86,0.02,NA,-0.35,53.97,25.81,2.05e+12,1582,7,3.8
"55",65,"Goniana","India","NO",0,0,NA,327,1,NA,NA,NA,NA,NA,55756.27059,1610.569292,63.43715644,0,100,1,NA,NA,8.28,5.17,4.92,119.86,0.02,NA,-0.35,53.97,25.81,2.05e+12,1582,7,3.8
"56",66,"Kot Fatta","India","NO",0,0,NA,327,1,NA,NA,NA,NA,NA,55756.27059,1610.569292,169.8085926,0,100,1,NA,NA,8.28,5.17,4.92,119.86,0.02,NA,-0.35,53.97,25.81,2.05e+12,1582,7,3.8
"57",67,"Maur","India","NO",0,0,NA,327,1,NA,NA,NA,NA,NA,55756.27059,1610.569292,NA,0,100,1,NA,NA,8.28,5.17,4.92,119.86,0.02,NA,-0.35,53.97,25.81,2.05e+12,1582,7,3.8
"58",68,"Raman","India","NO",0,0,NA,327,1,NA,NA,NA,NA,NA,55756.27059,1610.569292,NA,0,100,1,NA,NA,8.28,5.17,4.92,119.86,0.02,NA,-0.35,53.97,25.81,2.05e+12,1582,7,3.8
"59",69,"Rampura","India","NO",0,0,NA,327,1,NA,NA,NA,NA,NA,0,0,93.17608273,0,100,0,825,825,NA,NA,0,119.86,0.02,NA,-0.35,53.97,25.81,2.05e+12,1582,7,3.8
"60",70,"Sangat","India","NO",0,0,NA,327,1,NA,NA,NA,NA,NA,55756.27059,1610.569292,NA,0,100,1,NA,NA,8.28,5.17,4.92,119.86,0.02,NA,-0.35,53.97,25.81,2.05e+12,1582,7,3.8
"61",71,"Dhanbad","India","NO",0,0,9029.394234,2122,2,NA,7,7,20.27451897,1.147757009,9048.468819,0,0.698524993,0,100,0,10127,19531,6.07,67.08,1.31,119.86,0.02,1186101,-0.35,53.97,25.81,2.05e+12,1582,7,3.8
"62",72,"Hazaribag","India","NO",0,0,21.22399459,2122,2,NA,NA,NA,NA,NA,21.22399446,203740.2719,467.086642,0,100,0,2221,4274.5,0,78.57,29.13,119.86,0.02,NA,-0.35,53.97,25.81,2.05e+12,1582,7,3.8
"63",73,"Ranchi","India","NO",0,0,766.4512386,116,3,NA,7,7,7.113034248,0.531841447,853.962683,1664183.056,364.7277461,0,100,0,NA,NA,0.76,89.55,0,119.86,0.02,1106901,-0.35,53.97,25.81,2.05e+12,1582,7,3.8
"64",74,"Aizawl","India","NO",0,0,1075.660743,2122,1,NA,4,4,21.67988141,6.796010618,1075.660744,391363.8669,0,0,100,0,4880,4880,94.54,0.57,0,119.86,0.02,287210,-0.35,53.97,25.81,2.05e+12,1582,7,3.8
"65",75,"Guwahati","India","NO",0,0,414821.4588,103,7,NA,3.6268303,3.6268303,48.27853394,8.568787089,829320.1879,4289133.329,227.9783922,0,100,2,4517,5237,26.9,7.19,2.87,119.86,0.02,957449,-0.35,53.97,25.81,2.05e+12,1582,7,3.8
"66",76,"Siliguri","India","NO",0,0,729.4688439,23,1,NA,5,5,23.59033014,6.091431646,729.4688438,137604.053,0,20.075,100,0,7295,7295,39.7,30.66,12.87,119.86,0.02,683060,-0.35,53.97,25.81,2.05e+12,1582,7,3.8
"67",77,"Alwar","India","NO",0,0,NA,2122,1,NA,NA,NA,NA,NA,0,0,8.178622085,0,0,0,1969,1969,NA,NA,NA,119.86,0.02,335746,-0.35,53.97,25.81,2.05e+12,1582,7,3.8
"68",78,"Bhilwara","India","NO",0,0,6181.772873,2122,3,NA,NA,NA,NA,NA,6181.772474,20290.73422,98.38221787,0,75.25,0,10794,7598.666667,0.43,67.16,0,119.86,0.02,354051,-0.35,53.97,25.81,2.05e+12,1582,7,3.8
"69",79,"Jaipur","India","NO",0,0,24573.6795,2122,2,NA,NA,NA,NA,NA,24573.6795,10446.58141,7.52758905,0,50.5,0,NA,NA,0.17,84.99,3.42,119.86,0.02,3016722,-0.35,53.97,25.81,2.05e+12,1582,7,3.8
"70",80,"Jodhpur","India","NO",0,0,84297.85844,2122,4,9.439278522,7.076923077,7.667511938,42.84301758,4.831255403,84297.85844,26494892.69,838.0231945,0,75.25,1,563389,286027.5,17.19,54.21,8.23,119.86,0.02,1116463,-0.35,53.97,25.81,2.05e+12,1582,7,3.8
"71",81,"Udaipur","India","NO",0,0,1967.93582,2122,4,NA,9,9,7.375952721,0.863449144,1967.936032,212985.8176,1874.833776,0,75.25,0,46583,33856.5,0.3,61.08,9.35,119.86,0.02,468889,-0.35,53.97,25.81,2.05e+12,1582,7,3.8
"72",82,"Bhopal","India","NO",0,0,700.1954352,2122,3,NA,9,9,1.290833253,0.3338075,700.1954349,746709.7282,0.001332079,0,75.25,0,12170,12170,1.74,78.33,0,119.86,0.02,1851285,-0.35,53.97,25.81,2.05e+12,1582,7,3.8
"73",83,"Dewas","India","NO",0,0,73432.17428,2122,3,NA,7.469116497,7.469116497,14.42328358,0.999151606,73432.17428,51329633.96,48040.88634,0,75.25,0,685,34414.33333,8.05,58.37,4.05,119.86,0.02,285097,-0.35,53.97,25.81,2.05e+12,1582,7,3.8
"74",84,"Gwalior","India","NO",0,0,418.4575639,2122,2,NA,NA,NA,NA,NA,418.4575642,286334.1755,15.4317336,0,50.5,0,1565,7895.5,0.49,49.33,33.56,119.86,0.02,1084426,-0.35,53.97,25.81,2.05e+12,1582,7,3.8
"75",85,"Indore","India","NO",0,0,73298.4687,204,4,NA,NA,NA,NA,NA,73298.46852,2530.194944,2767.545126,0,75.25,0,6905,10387.33333,7.96,58.68,4.06,119.86,0.02,2127497,-0.35,53.97,25.81,2.05e+12,1582,7,3.8
"76",86,"Jabalpur","India","NO",0,0,17283.47058,158,5,NA,NA,NA,NA,NA,18194.74306,5189645.497,59661.42184,0,100,0,NA,NA,17.38,32.95,5.84,119.86,0.02,1256953,-0.35,53.97,25.81,2.05e+12,1582,7,3.8
"77",87,"Jhansi","India","NO",0,0,25727.04886,222,3,NA,NA,NA,NA,NA,25727.04886,1931914.506,4403.04427,0,75.25,0,1101,17185.33333,0.57,88.88,1.61,119.86,0.02,543191,-0.35,53.97,25.81,2.05e+12,1582,7,3.8
"78",88,"Nagpur","India","NO",0,0,11182.32272,530,3,NA,8,8,6.044334412,0.909113011,15825.84623,1737585.924,4351.806577,0,100,0,11208,11208,6.8,67.13,3.29,119.86,0.02,2470886,-0.35,53.97,25.81,2.05e+12,1582,7,3.8
"79",89,"Rajkot","India","NO",0,0,3247.850856,211,7,NA,10,10,1.213015594,0.294667754,3649.034939,2530800.571,148.423751,0,100,0,165605,76608.66667,0.02,91.83,0,119.86,0.02,1360905,-0.35,53.97,25.81,2.05e+12,1582,7,3.8
"80",90,"Ujjain","India","NO",0,0,2087.12911,2122,2,NA,NA,NA,NA,NA,2087.12911,0,NA,0,50.5,0,1535,1206.5,0,88.37,0,119.86,0.02,509103,-0.35,53.97,25.81,2.05e+12,1582,7,3.8
"81",91,"Vadodara","India","NO",0,0,120967.2375,270,3,NA,8.531147541,8.531147541,12.87761784,0.974062416,120967.2375,974259.775,NA,0,75.25,0,NA,NA,0.43,82.88,6.78,119.86,0.02,1793525,-0.35,53.97,25.81,2.05e+12,1582,7,3.8
"82",92,"Aurangabad","India","NO",0,0,22254.90399,204,4,NA,7.219305673,7.219305673,14.37502003,0.86891401,26708.78614,7191.233156,0,0,75.25,0,1010,16071,0.3,95.97,3.23,119.86,0.02,1166797,-0.35,53.97,25.81,2.05e+12,1582,7,3.8
"83",93,"Bengaluru","India","NO",0,0,9728.607536,900,4,NA,3.930232558,3.930232558,8.393447876,0.617121161,10362.04365,691209.9869,4962.981926,0,75.25,0,535,535,0.06,97.6,0,119.86,0.02,8275032,-0.35,53.97,25.81,2.05e+12,1582,7,3.8
"84",94,"Baramati","India","NO",0,0,6904.620294,12,2,NA,7.049871023,7.049871023,18.07739067,1.368218689,21983.66159,2541.69973,NA,0,100,0,55399,47557,1.5,87.29,7.45,119.86,0.02,1e+05,-0.35,53.97,25.81,2.05e+12,1582,7,3.8
"85",95,"Hubli","India","NO",0,0,241.651604,111,2,NA,NA,NA,NA,NA,241.6518311,4595998.696,1.930593588,0,100,0,4407,9407.5,0.16,91.21,0,119.86,0.02,932428,-0.35,53.97,25.81,2.05e+12,1582,7,3.8
"86",96,"Hyderabad","India","NO",0,0,240119.928,930,6,NA,6.476853855,6.476853855,19.89671135,0.796350789,256024.5107,75489.2845,0.704113058,0,100,0,17730,34292,1.29,88.21,3.98,119.86,0.02,7577527,-0.35,53.97,25.81,2.05e+12,1582,7,3.8
"87",97,"Pune","India","NO",0,0,586.0994075,797,1,NA,NA,NA,NA,NA,586.0994078,55528979.17,24143.51648,0,100,0,NA,NA,15.84,29.04,0,119.86,0.02,4951375,-0.35,53.97,25.81,2.05e+12,1582,7,3.8
"88",98,"Solapur","India","NO",0,0,34012.9282,125,4,NA,NA,NA,NA,NA,49091.9695,94799.58573,1.48619862,0,100,0,7243,11845,0.71,90.79,5.4,119.86,0.02,945709,-0.35,53.97,25.81,2.05e+12,1582,7,3.8
"89",99,"Tumkur","India","NO",0,0,5558.644803,27,1,NA,4,4,11.40322018,0.849187613,5558.644803,29474.17991,234.8513286,0,100,0,102905,102905,9.02,78.38,0.49,119.86,0.02,301632,-0.35,53.97,25.81,2.05e+12,1582,7,3.8
"90",100,"Bhubaneswar","India","NO",0,0,133280.9175,2122,4,NA,6.964012468,6.964012468,17.49058342,1.145868381,133280.9176,0,11.22881718,0,75.25,0,8252,17115.5,10.72,60.09,3.37,119.86,0.02,864906,-0.35,53.97,25.81,2.05e+12,1582,7,3.8
"91",101,"Chennai","India","NO",0,0,3661.840815,1535,9,4.209037472,4.835051546,4.835051546,18.84020233,0.850710058,3942.206388,13556657.04,16770.19403,0,100,0,5474,68000.33333,1.77,92.17,1.3,119.86,0.02,8522504,-0.35,53.97,25.81,2.05e+12,1582,7,3.8
"92",102,"Cuttack","India","NO",0,0,NA,2122,1,NA,NA,NA,NA,NA,0,0,NA,0,0,0,1597,1597,6.34,81.07,4.01,119.86,0.02,653978,-0.35,53.97,25.81,2.05e+12,1582,7,3.8
"93",103,"Kolkata","India","NO",0,0,27706.27857,1216,2,NA,8.973523422,8.973523422,8.837512016,0.316366075,27706.27857,902.0023044,9.70006243,0,50.5,1,NA,NA,3.46,87.28,2.16,119.86,0.02,14283096,-0.35,53.97,25.81,2.05e+12,1582,7,3.8
"94",104,"Kozhikode","India","NO",0,0,2534.405156,151,1,NA,1,1,29.49194952,5.679209916,2534.405155,0,4.000908852,0,100,0,16509,16509,48.01,16.16,17.07,119.86,0.02,1968626,-0.35,53.97,25.81,2.05e+12,1582,7,3.8
"95",105,"Mumbai","India","NO",0,0,634.1791688,3050,6,NA,7,7,8.862546992,2.112819211,1201.62818,2214278.363,496.4869999,0,100,0,80227,80227,9.72,54.05,6.75,119.86,0.02,19421983,-0.35,53.97,25.81,2.05e+12,1582,7,3.8
"96",106,"Pondicherry","India","NO",0,0,NA,35,2,NA,NA,NA,NA,NA,0,0,372.0707823,0,0,0,NA,NA,0.88,85.99,2.35,119.86,0.02,643259,-0.35,53.97,25.81,2.05e+12,1582,7,3.8
"97",107,"Srikakulam","India","NO",0,0,NA,10,1,10,NA,10,17.56963539,1.778624388,0,0,761.131927,0,0,0,4002,4002,1.82,71.73,0,119.86,0.02,1e+05,-0.35,53.97,25.81,2.05e+12,1582,7,3.8
"98",108,"Surat","India","NO",0,0,64350.47367,220,4,NA,7.646370023,7.646370023,14.06834507,0.955317841,192935.9249,8103756.174,19.15370886,0,75.25,0,5136,5136,1.99,76.57,7.2,119.86,0.02,4438444,-0.35,53.97,25.81,2.05e+12,1582,7,3.8
"99",109,"Rangoon","Myanmar","NO",0,0,NA,511,6,NA,NA,NA,NA,NA,374875.6746,3078710.878,845.5200675,1434294000,100,1,4004,50106,54.86,21.45,0.67,0.777,0,4342142,-1.327,43.55,27.31,64330038665,1204,9.6,3
"100",110,"Auckland","New Zealand","NO",0,0,14340.77049,370,12,NA,NA,NA,19.18351173,2.236561814,14441.74083,8125196.949,183470.1015,1144.68,100,3,37692,30485.66667,57.35,9.63,2.21,179.829,1.78,1269324,1.807,86.91,77.84,1.88e+11,37897,2.8,6.1
"101",111,"Karachi","Pakistan","NO",0,0,856776.2166,2925,4,NA,6.621509005,6.621509005,49.59325409,6.184528639,856776.2165,524557.8766,22.79076972,0,75.25,1,124287,75691,2.88,34.94,9.19,5.93,0.16,14080737,-1.125,56.64,41.53,2.44e+11,1317,3.9,3.5
"102",112,"Manila","Philippines","NO",0,0,3501.107643,2790,5,NA,3.814814815,3.814814815,23.61628342,2.612300944,4106.056535,125075.4252,5343.541367,4279500,100,0,39611,23405.4,49.31,22.41,24.23,21.137,0.04,11891107,-0.319,62.08,52.02,2.85e+11,2873,4.7,4.1
"103",113,"Lima","Peru","YES",1,0,3102.59059,1728,2,NA,1,1,34.50215149,11.19361208,3102.590589,201592.2576,1108.688746,0,50.5,0,10394,7355.5,0.23,1.34,0.3,22.222,0.3,8955047,-0.245,72.11,57.46,2.03e+11,6541,5.2,3.8
"104",114,"Moscow","Russia","NO",0,0,49135.85395,3464,6,1.414333175,NA,NA,2.317574739,0.382850624,49135.85396,251491.1083,170.0199425,0,100,0,18687,37184,63.4,30.12,8,76.827,0.07,11461264,-0.712,66.66,75.85,1.86e+12,12736,2.4,3.3
"105",115,"Riyadh","Saudi Arabia","NO",0,0,NA,NA,2,NA,NA,NA,NA,NA,0,0,10.86881694,0,50.5,0,334524,334524,NA,NA,NA,47.879,0.14,5227076,-0.306,69.99,55.86,7.46e+11,24161,4.1,5.3
"106",116,"Singapore","Singapore","NO",0,0,1886.931678,NA,19,NA,NA,NA,12.652915,1.079752619,2001.997707,17302693.1,2493305.408,0,100,6,25130,18231,60.52,26.81,15.54,NA,NA,5078969,1.542,88.27,89.54,3.08e+11,56285,5.8,6.3
"107",117,"Seoul","South Korea","NO",0,0,24440.20864,NA,1,NA,1.267267267,1.267267267,23.52689743,4.490526039,24440.20864,21089.2302,9.161892285,0,100,1,5888,5888,82.31,13.41,9.65,82.402,0.1,9796045,-1.635,83.4,81.71,1.41e+12,27971,4.8,4.6
"108",118,"Khartoum","Sudan","NO",0,0,1983981.88,NA,8,7.496527778,NA,NA,12.8449316,0.22651424,8243050.9,6050407.295,670.834149,0,100,6,25927,10455.28571,2.21,27.85,9.71,3.014,0.03,4517078,-1.615,49.55,40.43,73814947341,1876,5.1,NA
"109",119,"Caracas","Venezuela","NO",0,0,6644.05564,NA,10,NA,5.974358974,5.974358974,26.78883458,4.900019459,11301.49971,23601585.18,36169.81716,19927.5,100,0,93268,45062.2,31.62,24.72,32.83,24.271,0.2,2900895,-1.312,41.41,60.89,3.81e+11,12772,2.3,1.6
"110",120,"Lagos","Nigeria","NO",0,0,27621.14776,NA,4,4.172041106,5.037440436,4.821090603,5.590469837,0.640497102,27621.14776,1327446.024,45.29662793,0,75.25,1,40506,27650.5,10.32,45.01,8.27,19.12,0.03,10780986,-1.149,47.33,47.71,5.69e+11,3203,6.2,3.8
"111",121,"Madrid","Spain","NO",0,0,NA,4500,20,NA,2.644230769,2.644230769,19.3616848,2.952905857,15254.48792,48169815.87,16548.0377,18918,100,0,74696,48182.05263,8.13,32.52,45.38,8.098,0.88,5787392,0.811,73.17,62.65,1.38e+12,29767,2.1,4.3
"112",122,"Istanbul","Turkey","NO",0,0,6019.501102,NA,14,NA,1,1,18.70121193,3.047226369,6019.501214,7579880.239,59128.2161,12161576,100,1,159650,56980.57143,51.7,38.96,0,16.487,0.07,12703384,-0.079,68.66,67.92,7.98e+11,10515,3.9,4.4
"113",123,"Montevideo","Uruguay","NO",0,0,9142.708055,904,1,NA,1,1,3.933331251,0.533969438,9142.708056,0,0,0,100,0,48213,48213,0.66,7.37,0.53,6.749,1.19,1659394,0.774,63.89,56.59,57471030095,16807,3.3,5.1
"114",124,"Shenzhen","China","NO",0,0,155.5043888,1670,5,NA,NA,NA,NA,NA,225.413637,0,384918.7723,2.6e+14,100,0,6588,22979,18.83,42.27,0,145.644,0.01,10222916,-0.545,62.58,68.21,1.04e+13,7590,9.7,4.4
"115",125,"Cape Town","South Africa","YES",1,0,1145.843026,929,19,NA,8,8,26.47367955,6.864835214,1300.341471,3922701.718,104497.3616,6257500.66,100,0,72737,32731.15789,1.8,6.86,74.8,111.036,0.37,3344671,0.229,71.08,66.14,3.5e+11,6483,3.1,5.5
"116",126,"Tunis","Tunisia","NO",0,0,18923.32099,1244,10,NA,2,2,13.74756813,2.262243339,19140.4826,1734976.051,0.030320892,0,100,1,251578,171613.7,0.93,58,0,9.295,0.61,1915961,-0.287,67.35,60.96,48612652412,4421,4,4.4
"117",127,"Freetown","Sierra Leone","NO",0,0,14.04793869,72,1,NA,8,8,5.421411991,4.03271114,14.04793866,10292.36135,10.55544311,0,100,0,14517,14517,93.06,0,0,0.684,0.19,890550,-0.692,54.58,55.68,4837512587,766,5,3.3
"118",128,"Tripoli","Libya","NO",0,0,NA,NA,4,NA,NA,NA,NA,NA,0,0,2154.180511,0,25.75,0,1481275,628331.5,NA,NA,NA,0.027,0.18,1095149,-1.502,33.35,51.42,41142722414,6573,3.7,NA
"119",129,"Cotonou","Benin","NO",0,0,NA,78,1,NA,NA,NA,NA,NA,0,0,NA,0,0,0,8742,8742,33.97,40.04,15.95,7.098,0.31,675340,-0.34,51.1,37.73,9575356735,904,4.4,3.9
"120",130,"Algiers","Algeria","NO",0,0,4143.840409,1859,6,NA,7,7,19.82159819,3.089056306,4143.84041,53501.19557,3.647578206,715035,100,0,138812,38352,0.11,41.14,0,4.22,0.1,2432023,-0.835,50.69,52.89,2.14e+11,5484,3.4,3.7
"121",131,"Addis Ababa","Ethiopia","NO",0,0,920.0858161,600,6,NA,7,7,13.08247286,2.163195649,1246.537831,1254531.914,122.7536424,0,100,0,20726,19809.5,0.43,90.42,0,6.639,0.01,2918813,-0.911,56.31,65.43,55612228234,574,7.7,3.7
"122",132,"Dar es Salaam","Tanzania","YES",1,0,17375.38456,311,4,2,2.511235955,2.511235955,27.57077789,1.676980128,63350.83884,25791314.86,2504.54484,0,100,0,7941,29701.75,2.05,25.89,5.38,30.641,0.09,3869675,-0.453,56.38,66.17,48056680982,955,5.7,3.5
"123",133,"Dakar","Senegal","NO",0,0,45089.99521,240,2,4.679826753,4.999160722,4.839493738,0.858395338,0.144180065,45089.99521,2409600.418,284.3558883,0,50.5,0,240279,127195,0.02,61.27,36.64,7.813,0.6,2929109,-0.189,49.37,46.53,15657551477,1067,3.9,4.2
"124",134,"Harare","Zimbabwe","NO",0,0,3981.068911,544,4,NA,9.971563981,9.971563981,4.0547576,0.517641469,7864.501914,3851009.765,243.1661549,1085072,100,0,17677,26903.5,0.13,6.27,6.5,NA,1.62,1474557,-1.324,46.95,43.25,14196912535,931,0.4,2.4
"125",147,"San Jose (Costa Rica)","Costa Rica","NO",0,0,823.4867143,NA,4,NA,2,2,17.34733671,6.226147291,897.9171202,496266.5463,1287.117219,0,75.25,0,25406,15067.5,79.24,13.75,49.38,31.109,3.55,1121524,0.642,63.67,51.13,49552580683,10415,4.5,4.6
"126",150,"Tegucigalpa","Honduras","NO",0,0,417.8240549,NA,3,NA,1,1,10.21530658,4.005594653,417.8240543,3869116.816,14229.42112,144,75.25,0,2404,7525.333333,13.24,6.14,0.62,14.528,0.74,986962,-0.683,60.61,37.9,19385314718,2435,3.5,4.1
"127",153,"Kampala","Uganda","NO",0,0,265975.46,97,1,NA,NA,NA,NA,NA,265975.46,36652.97723,0.137805861,0,100,1,9875,9875,2.38,38.01,6.46,24.477,0.28,1594363,-0.602,51.11,60.48,26998477289,715,6.9,3.9
"128",154,"Houston","United States","NO",0,1,50421.2691,1514,5,3.611353712,3.369951535,3.430302079,0.542334437,0.128803555,51607.58269,743632.6157,11.96563661,0,75.25,0,116916,55072.8,4.17,18.34,1.26,7483.807,0.25,4976162,1.21,81.98,67.26,1.74e+13,54630,2.5,5.5
"129",155,"Philadelphia","United States","YES",1,1,25023.52481,946,3,NA,NA,NA,12.35251713,1.704299379,29925.35736,263603.4555,86.41740138,0,100,0,19229,9908.666667,58.39,32.93,6.11,7483.807,0.25,5449069,1.21,81.98,67.26,1.74e+13,54630,2.5,5.5
"130",156,"Phoenix","United States","NO",0,1,30302.35297,2638,9,NA,8.385252366,8.385252366,32.60783005,3.175546203,548247.4129,17398563.47,23452.82866,0,100,0,96576,81884.25,7.53,3.09,15.04,7483.807,0.25,3649247,1.21,81.98,67.26,1.74e+13,54630,2.5,5.5
"131",157,"San Antonio","United States","YES",1,1,2453.320108,774,6,6.79194764,4.040372671,5.416160155,3.478693999,0.910329884,9801.991584,863924.4814,0,0,50.5,0,51243,50931.66667,0.8,17.13,5.91,7483.807,0.25,1770572,1.21,81.98,67.26,1.74e+13,54630,2.5,5.5
"132",158,"San Diego","United States","NO",0,1,3980.412557,10390,30,NA,9.397135417,9.397135417,33.69749069,4.669525188,498261.8006,147393937.4,81546.75354,0,100,0,48059,351039.5862,60.03,2.45,14.73,7483.807,0.25,2964154,1.21,81.98,67.26,1.74e+13,54630,2.5,5.5
"133",159,"Dallas","United States","NO",0,1,12558.65147,1292,7,NA,NA,NA,0.952287734,0.248490556,20455.98208,1309972.53,12058.22653,0,100,0,105488,51150.42857,1.47,17.48,0.72,7483.807,0.25,5148972,1.21,81.98,67.26,1.74e+13,54630,2.5,5.5
"134",160,"Chicago","United States","NO",0,1,NA,3780,1,NA,1,1,5.808876991,0.280614206,176393.4588,199561.1673,420.4678425,0,100,0,NA,NA,25.97,37.3,6.08,7483.807,0.25,8615834,1.21,81.98,67.26,1.74e+13,54630,2.5,5.5
"135",161,"Los Angeles","United States","NO",0,1,6887.356725,11686,47,NA,9.555555556,9.555555556,35.99387244,6.994198331,524344.5928,524416336.8,65237.46899,0,100,0,282817,363567.7778,4.9,1.33,14.95,7483.807,0.25,12160151,1.21,81.98,67.26,1.74e+13,54630,2.5,5.5
"136",162,"New York","United States","YES",1,1,5207.591618,3785,22,NA,NA,NA,15.21187667,3.369343437,8567.915409,617416568.1,75600.08473,0,100,0,96974,103708.0909,89.37,6.62,15.5,7483.807,0.25,18365262,1.21,81.98,67.26,1.74e+13,54630,2.5,5.5
"137",163,"San Jose (USA)","United States","NO",0,1,1013.299802,1584,26,NA,9.56043956,9.56043956,35.98498447,5.83306346,5017.697237,600065719.9,70204.66147,0,100,2,211570,53853.95833,22.68,1.75,46.48,7483.807,0.25,1667771,1.21,81.98,67.26,1.74e+13,54630,2.5,5.5
"138",164,"Jacksonville","United States","NO",0,1,NA,454,1,1.364864082,NA,1.364864082,1.858664393,0.145568731,0,0,NA,0,0,0,4533,4533,29.34,29.17,4.93,7483.807,0.25,1070235,1.21,81.98,67.26,1.74e+13,54630,2.5,5.5
"139",165,"Indianapolis","United States","NO",0,1,4569.609349,424,6,NA,1,1,0.917207241,0.175564739,6695.853776,9111426.268,76.36718004,0,100,0,25528,15250.5,0.79,90.55,0.02,7483.807,0.25,1494887,1.21,81.98,67.26,1.74e+13,54630,2.5,5.5
"140",166,"San Francisco","United States","YES",1,1,1273.27074,1003,12,NA,9,9,20.95110523,4.721593354,6430.75229,116905082.6,1439.624292,0,100,3,166492,115244.6667,54.72,0.77,50.85,7483.807,0.25,3282535,1.21,81.98,67.26,1.74e+13,54630,2.5,5.5
"141",167,"Austin","United States","YES",1,1,97487.73617,553,2,NA,5.580550542,5.580550542,0.306830473,0.268177277,194969.3417,3.312597953,0,0,100,0,5117,4589.5,0.02,5.37,0.2,7483.807,0.25,1376502,1.21,81.98,67.26,1.74e+13,54630,2.5,5.5
"142",168,"Columbus","United States","NO",0,1,3416.636581,530,4,NA,NA,NA,1.906886697,0.232159431,6135.261268,6895.252924,1164.759272,0,75.25,0,23127,16435,0.6,95.77,0.24,7483.807,0.25,1374475,1.21,81.98,67.26,1.74e+13,54630,2.5,5.5
"143",169,"Fort Worth","United States","NO",0,1,14219.50965,1741,6,NA,NA,NA,NA,NA,21873.90774,1029213.056,384.255772,0,100,0,107594,54911.83333,0.31,13.27,0.01,7483.807,0.25,686850,1.21,81.98,67.26,1.74e+13,54630,2.5,5.5
"144",170,"Charlotte","United States","NO",0,1,NA,379,2,NA,NA,NA,16.61934567,2.09679855,9599.146281,1892.308413,27.54112392,0,100,0,25098,20285.5,55.05,17.01,1.65,7483.807,0.25,1265072,1.21,81.98,67.26,1.74e+13,54630,2.5,5.5
"145",171,"Detroit","United States","NO",0,1,594215.1601,2423,3,NA,1.135021097,1.135021097,9.043384552,0.447236198,1855219.931,1523497.449,29.01920759,0,100,3,28954,22769.5,39.64,23.33,3.73,7483.807,0.25,3729964,1.21,81.98,67.26,1.74e+13,54630,2.5,5.5
"146",172,"Baltimore","United States","NO",0,1,71311.6813,852,4,NA,NA,NA,13.15627861,2.188658986,71519.68535,1986918.775,42.72803837,0,100,0,64060,35944.25,54.5,43.3,1.7,7483.807,0.25,2206935,1.21,81.98,67.26,1.74e+13,54630,2.5,5.5
"147",173,"Boston","United States","YES",1,1,744.1133467,757,3,NA,NA,NA,6.204318051,1.376951497,1071.051766,64493.91567,1500.841498,0,100,0,48758,75726.66667,90.93,1.41,2.43,7483.807,0.25,4184792,1.21,81.98,67.26,1.74e+13,54630,2.5,5.5
"148",174,"Seattle","United States","YES",1,1,399.810523,457,2,NA,2,2,21.92355919,7.232157729,399.8105232,0,0.002949962,0,100,0,53459,42056.5,97.59,0,82.08,7483.807,0.25,3068596,1.21,81.98,67.26,1.74e+13,54630,2.5,5.5
"149",175,"Washington","United States","NO",0,1,30136.09896,401,2,NA,NA,NA,16.01987457,2.61979928,60267.5115,72630.0224,0,0,100,0,6633,7465,47.36,49.84,6.85,7483.807,0.25,4604365,1.21,81.98,67.26,1.74e+13,54630,2.5,5.5
"150",176,"Denver","United States","YES",1,1,6976.183484,496,10,NA,7,7,22.7229927,4.352289504,16715.17437,530062.2159,15697.14331,0,100,0,51463,74690.6,34.84,0.36,14.25,7483.807,0.25,2384830,1.21,81.98,67.26,1.74e+13,54630,2.5,5.5
"151",177,"Portland (OR)","United States","NO",0,1,280.7267532,369,6,NA,NA,NA,NA,NA,500.9297279,7596923.617,1835.30117,0,50.5,0,58217,30227.16667,72.31,23.09,1.09,7483.807,0.25,935000,1.21,81.98,67.26,1.74e+13,54630,2.5,5.5
"152",178,"Las Vegas","United States","NO",0,1,424967.0307,1054,2,NA,NA,NA,NA,NA,424967.0307,0,740.4239687,0,50.5,0,31986,20819,7.75,3.41,14.39,7483.807,0.25,1903071,1.21,81.98,67.26,1.74e+13,54630,2.5,5.5
"153",179,"Long Beach","United States","NO",0,1,NA,10040,21,NA,NA,NA,NA,NA,495289.6358,13498242.68,236287.6173,0,100,0,7190,7190,38.19,1.65,14.75,7483.807,0.25,464662,1.21,81.98,67.26,1.74e+13,54630,2.5,5.5
"154",180,"Mesa","United States","NO",0,1,NA,301,10,NA,NA,NA,NA,NA,548247.4129,17398563.47,6919.877898,0,100,0,8253,8253,10.75,1.31,15.04,7483.807,0.25,465000,1.21,81.98,67.26,1.74e+13,54630,2.5,5.5
"155",181,"Atlanta","United States","NO",0,1,4119.327119,454,1,NA,NA,NA,12.33636189,1.191865471,4119.327119,1268.69622,0,0,100,0,9128,9128,36.34,11.63,3.42,7483.807,0.25,4544198,1.21,81.98,67.26,1.74e+13,54630,2.5,5.5
"156",182,"Miami","United States","NO",0,1,NA,1217,1,NA,NA,NA,NA,NA,0,0,0,0,0,0,3724,3724,NA,NA,NA,7483.807,0.25,5517777,1.21,81.98,67.26,1.74e+13,54630,2.5,5.5
"157",183,"Cleveland","United States","NO",0,1,NA,625,1,NA,NA,NA,NA,NA,683703.4536,11831935.66,255.8152354,0,100,1,NA,NA,36.11,26.93,3.73,7483.807,0.25,1780524,1.21,81.98,67.26,1.74e+13,54630,2.5,5.5
"158",184,"Oakland","United States","YES",1,1,1850.459793,1609,7,NA,9,9,28.74109534,5.279294797,3630.329615,2123010.582,795.1566591,0,100,0,146417,50765.28571,60.75,3.1,17.78,7483.807,0.25,1300000,1.21,81.98,67.26,1.74e+13,54630,2.5,5.5
"159",185,"Minneapolis","United States","NO",0,1,50271.73396,216,1,NA,2.391701561,2.391701561,2.55083704,0.258440205,50271.73396,48719.88463,10.78387159,0,100,0,20485,20485,28.18,64.76,2.65,7483.807,0.25,2657786,1.21,81.98,67.26,1.74e+13,54630,2.5,5.5
"160",186,"Tampa","United States","NO",0,1,NA,893,4,NA,1,1,1.046389461,0.176576281,4237.435876,77669300.47,156.3579444,0,100,0,26827,14551.25,13.06,26.6,7.4,7483.807,0.25,2452075,1.21,81.98,67.26,1.74e+13,54630,2.5,5.5
"161",187,"Aurora","United States","YES",1,1,2069.002551,153,13,NA,6.632398754,6.632398754,27.14389801,4.787063565,21496.44299,3564003.659,4138.412223,0,100,0,183883,117431.8333,20.46,0.74,11.55,7483.807,0.25,339030,1.21,81.98,67.26,1.74e+13,54630,2.5,5.5
"162",188,"Santa Ana","United States","NO",0,1,NA,10011,21,NA,NA,NA,NA,NA,495289.6358,13498242.68,12480.37373,0,100,0,632,632,11.97,3.17,14.75,7483.807,0.25,355000,1.21,81.98,67.26,1.74e+13,54630,2.5,5.5
"163",189,"Saint Louis","United States","NO",0,1,1777142.289,511,2,NA,4.998377871,4.998377871,37.00886536,0.991628372,3106282.429,86401.32727,55.61962218,0,100,2,16513,20824.5,5.93,44.09,3.28,7483.807,0.25,2152560,1.21,81.98,67.26,1.74e+13,54630,2.5,5.5
"164",190,"Saint Paul","United States","NO",0,1,50271.73396,170,2,NA,NA,NA,NA,NA,50271.73396,204279290.9,NA,0,50.5,0,1601,13006.5,28.18,64.76,2.65,7483.807,0.25,415000,1.21,81.98,67.26,1.74e+13,54630,2.5,5.5
"165",193,"Kobe","Japan","NO",0,0,462.7587834,900,6,NA,NA,NA,9.13787083,2.708547308,4111.614201,13417598.46,923843.7611,2255,100,1,26320,12307.4,71.79,15.38,37.27,NA,0.15,1700000,1.306,74.8,69.95,4.6e+12,36194,0.8,6.2
"166",194,"Tehran","Iran","NO",0,0,4420.125097,2833,6,NA,5,5,29.34531131,8.663593776,5139.567532,561447.6307,0.286594243,7542000,100,0,48966,40911,0.03,0.71,32.44,13.858,0.06,8058520,-1.121,56.51,63.35,4.25e+11,5443,3.3,3.9
"167",195,"Ho Chi Minh City","Vietnam","YES",1,0,28063.72423,1236,8,5.602562508,7.372721134,6.930181478,19.25691605,1.63850794,45343.37379,239649393.5,3533.483309,0,75.25,3,47421,29793.875,37.42,40.65,11.81,25.525,0.04,6189370,-0.515,64.42,65.89,1.86e+11,2052,6.8,3.9
"168",196,"Baghdad","Iraq","NO",0,0,129448.8759,2061,1,NA,8.815386857,8.815386857,34.93781662,4.237020961,129448.8759,5642357.159,14601.33116,0,100,1,44193,44193,0.08,17.81,0,0,NA,5890677,-1.356,50.36,47.32,2.24e+11,6420,8,NA
"169",197,"Belo Horizonte","Brazil","NO",0,0,2838.631133,613,11,NA,2.411764706,2.411764706,12.99429799,2.751422868,2889.96019,25568351.41,143.1313071,0,100,0,NA,NA,9.06,4.86,36.12,180.884,0.09,5409346,-0.027,58.01,53.6,2.35e+12,11384,3.1,3.9
"170",198,"Salvador","Brazil","NO",0,0,75983.84806,1037,7,NA,7.662882527,7.662882527,17.70464134,1.494205131,56420.00696,10725961.65,981.8413694,1.6842,100,0,56095,56095,2.13,9.06,5.19,180.884,0.09,3343124,-0.027,58.01,53.6,2.35e+12,11384,3.1,3.9
"171",199,"Brasilia","Brazil","YES",1,0,656.5817657,644,3,NA,NA,NA,NA,NA,807.178471,12437284.54,1.692354703,0,100,0,NA,NA,0.09,14.59,97.29,180.884,0.09,3710360,-0.027,58.01,53.6,2.35e+12,11384,3.1,3.9
"172",200,"Recife","Brazil","NO",0,0,11690.77056,NA,14,NA,7.012903226,7.012903226,13.54826355,1.612231583,12207.93657,4335822.638,31.04783786,854,100,0,28055,29219,0.95,34.21,1.51,180.884,0.09,3559092,-0.027,58.01,53.6,2.35e+12,11384,3.1,3.9
"173",201,"Fortaleza","Brazil","NO",0,0,115.4689447,864,1,NA,10,10,17.12220236,2.803368035,115.4689443,123625.2346,0.003794181,0,100,0,NA,NA,12.73,9.09,14.93,180.884,0.09,3519526,-0.027,58.01,53.6,2.35e+12,11384,3.1,3.9
"174",202,"Toronto","Canada","NO",0,0,NA,422,1,NA,NA,NA,12.7445116,0.696430775,767847.617,25463.7945,0,0,100,1,NA,NA,31.36,40.59,3.58,1083.101,1.15,5499233,1.598,79.09,63.76,1.79e+12,50235,2.7,6
"175",203,"Montreal","Canada","NO",0,0,938953.3337,2023,4,NA,NA,NA,13.50781441,0.971937814,1234267.012,16642520,470.4736237,0,100,1,13288,22697.5,83.18,12.5,3.94,1083.101,1.15,3791073,1.598,79.09,63.76,1.79e+12,50235,2.7,6
"176",204,"Chittagong","Bangladesh","NO",0,0,13866.1163,175,2,NA,4.902439024,4.902439024,19.53711128,2.60165648,13866.1163,0,0,0,50.5,1,10487,6093.5,25.61,42.65,6.37,8.456,0.12,4106060,-0.918,46.84,20.82,1.73e+11,1087,5.4,3.5
"177",205,"Porto Alegre","Brazil","NO",0,0,82797.60014,493,6,NA,NA,NA,NA,NA,82819.75072,17275748.62,144868.196,0,100,0,11876,9384.2,24.41,30.12,2.4,180.884,0.09,3476065,-0.027,58.01,53.6,2.35e+12,11384,3.1,3.9
"178",206,"Luanda","Angola","NO",0,0,159822.2467,309,2,NA,5.766958166,5.766958166,18.1959343,1.140315705,159822.2466,8714.856403,91.89228472,0,100,0,15579,27639.5,1.87,2.26,6.61,0.061,0.23,4508434,-1.067,41.85,25.22,1.38e+11,5901,7.1,NA
"179",207,"Paris","France","NO",0,0,NA,490,7,1,1,1,6.220686913,0.876107068,43498.15921,5360686.827,157555.578,0,50.5,0,81245,63149.28571,15.47,81.12,18.37,577.085,0.66,10460118,1.157,73.88,77.67,2.83e+12,42733,1.6,5.6
"180",208,"Barcelona (Venezuela)","Venezuela","NO",0,0,724.777734,1301,8,NA,NA,NA,NA,NA,6391.643691,1304365.434,10366.79593,4796.8,100,3,72497,59656,69.16,19.48,36.72,24.271,0.2,647246,-1.312,41.41,60.89,3.81e+11,12772,2.3,1.6
"181",209,"Saint Petersburg (Russia)","Russia","NO",0,0,285114.2057,1995,3,NA,NA,NA,NA,NA,285114.2057,702677.9464,259.239453,0,75.25,1,8943,8838.333333,67.69,9.47,7.56,76.827,0.07,4871556,-0.712,66.66,75.85,1.86e+12,12736,2.4,3.3
"182",210,"Bangkok","Thailand","NO",0,0,170057.8473,4757,4,NA,8.904135977,8.904135977,34.58817291,2.789573158,170062.8578,12897.10441,151112.0992,0,100,2,35535,56387,26.5,42.9,8.18,68.829,0.05,8213366,-0.299,75.27,70.05,4.05e+11,5977,3.7,4.1
"183",211,"Ahmadabad","India","NO",0,0,129274.2329,1920,7,NA,NA,NA,NA,NA,129274.2329,238159344.5,3467.189379,40600,100,0,183589,50579.28571,5.76,85.75,3.38,119.86,0.02,6209893,-0.35,53.97,25.81,2.05e+12,1582,7,3.8
"184",212,"Guadalajara","Mexico","NO",0,0,44333.44796,800,3,NA,6.529182879,6.529182879,20.72566795,2.460634547,44333.44796,0,33007.50713,24600,75.25,0,33285,28636.66667,3.38,41.68,6.73,94.044,0.12,4441523,-0.158,71.53,64.61,1.29e+12,10326,2.6,4
"185",213,"Melbourne","Australia","NO",0,0,7235.257603,1129,8,NA,2,2,20.95903281,4.706741158,7235.257602,804541.3804,1790.896404,8544000,100,0,112028,77356.875,70.31,16.23,19.71,526.113,1.63,3951216,1.564,80.66,77.06,1.45e+12,61926,3.4,5.9
"186",214,"Monterrey","Mexico","YES",1,0,10469.44139,NA,4,NA,9.025440313,9.025440313,34.4195757,5.231593922,10747.0357,5818596.679,88.79227802,4.3875,75.25,0,88269,58418.25,14.92,15.31,18.74,94.044,0.12,4112643,-0.158,71.53,64.61,1.29e+12,10326,2.6,4
"187",215,"Ankara","Turkey","NO",0,0,29031.94336,1342,8,NA,2.604955265,2.604955265,19.12088013,3.002953427,29314.77055,676703.3498,4765.593518,13455.68,100,0,97681,61462,2.33,13.61,0.32,16.487,0.07,4166350,-0.079,68.66,67.92,7.98e+11,10515,3.9,4.4
"188",216,"Johannesburg","South Africa","NO",0,0,NA,3653,4,NA,NA,NA,NA,NA,80061.15736,285456.6159,871.9689759,3417016,100,3,NA,NA,0.05,34.84,4.03,111.036,0.37,7991825,0.229,71.08,66.14,3.5e+11,6483,3.1,5.5
"189",217,"Medellin","Colombia","YES",1,0,1248.886751,776,4,NA,7,7,16.3262298,3.101256775,1248.886751,2589.919915,254654.1589,900.4,75.25,0,32496,16335.25,49.92,37.1,0,67.96,0.21,3510296,-0.307,72.29,37.66,3.78e+11,7904,3.7,4.1
"190",218,"Jeddah","Saudi Arabia","NO",0,0,NA,NA,2,NA,NA,NA,NA,NA,0,0,796.3887375,0,50.5,0,10503,7313.5,NA,NA,NA,47.879,0.14,3452470,-0.306,69.99,55.86,7.46e+11,24161,4.1,5.3
"191",219,"Busan","South Korea","NO",0,0,23433.42081,1067,3,NA,1,1,20.66259193,3.739002133,23443.59754,84407.50234,49.08325923,0,100,0,17863,22995,75.23,20.58,6.69,82.402,0.1,3329104,-1.635,83.4,81.71,1.41e+12,27971,4.8,4.6
"192",220,"Oslo","Norway","NO",0,0,233.9290813,11,2,NA,1,1,3.887426272,1.723755022,233.9290817,61770.93947,5.529031007,0,100,0,12940,10041.5,95.53,0,21.88,124.668,1.32,897916,1.811,82.4,78.41,5e+11,97307,2.4,6
"193",221,"Helsinki","Finland","NO",0,0,24054.44492,268,1,NA,1,1,NA,NA,24054.44492,2509.256945,0.001998596,18100,100,0,120811,120811,72.25,0.28,4.06,37.364,0.96,1121945,1.846,80.83,75.58,2.72e+11,49824,2.4,6.4
"194",222,"Yerevan","Armenia","NO",0,0,NA,841,1,NA,NA,NA,NA,NA,0,0,NA,0,0,0,5621,5621,NA,NA,NA,2.384,0,1065597,-0.169,70.6,53.33,11644438423,3874,6.7,4
"195",223,"Belgrade","Serbia","NO",0,0,500493.0607,575,3,2,1.819485294,1.864613971,37.53408432,2.926324473,587872.9327,3019012.043,107.9686072,0,75.25,2,3190,3054.666667,31.35,63.01,22.58,19.873,0.25,1160454,-0.101,62.57,57.59,43866423167,6153,2.8,3.1
"196",224,"Sofia","Bulgaria","NO",0,0,1053.502121,607,2,NA,2,2,25.95094212,4.731013496,1093.714765,12038772.3,39515.12363,1.35e+09,100,0,67799,47966.5,62.75,23.46,50.98,4.958,0.25,1199651,0.123,71.8,61.27,56717054674,7851,2.8,3.6
"197",225,"Zurich","Switzerland","NO",0,0,1842.815123,151,2,NA,NA,NA,39.01230621,11.67663916,1842.815123,0,0.517450099,0,50.5,0,10158,6587.5,35.74,38.61,17.82,258.812,1.23,1186491,1.731,77.78,72.2,7.01e+11,85594,1.8,6.3
"198",226,"Copenhagen","Denmark","NO",0,0,NA,142,1,NA,NA,NA,NA,NA,0,0,NA,0,0,0,10866,10866,NA,NA,NA,392.402,1.67,1192357,1.781,84.2,68.79,3.42e+11,60707,1.5,5.7
"199",227,"Prague","Czech Republic","NO",0,0,1495.899809,445,2,NA,NA,NA,6.963019889,1.307275685,1495.89981,0,0.085523232,0,50.5,0,65823,45012.5,24.46,70.65,15.78,19.35,0.49,1261221,0.861,70.95,68,2.05e+11,19530,2.5,4.4
"200",228,"Stockholm","Sweden","NO",0,0,22751.05371,360,2,NA,1.368421053,1.368421053,4.645430088,0.588670135,45501.88789,15507519.92,1.777920633,28000,100,2,22077,34194,75.45,9.42,6.03,136.387,0.9,1359972,1.803,80.6,72.43,5.71e+11,58939,2.5,5.9
"201",229,"Athens (Greece)","Greece","NO",0,0,7340.764391,1150,5,NA,NA,NA,NA,NA,3449.392774,374154.3728,54.57447994,7035,75.25,0,24351,83087.8,18.47,34.81,23.12,2.818,0.66,3097843,0.309,66.7,43.6,2.36e+11,21498,1,4
"202",230,"Tel Aviv-Yafo","Israel","NO",0,0,NA,4110,11,NA,NA,NA,NA,NA,2743.899129,2155715.563,6425.562724,44000,50.5,1,103338,76762.09091,0.23,50.7,3.02,17.803,0.61,6200000,0.617,71.25,54.93,3.06e+11,37208,4.9,5.1
"203",231,"Jaffa","Israel","NO",0,0,NA,4110,11,NA,NA,NA,NA,NA,2743.899129,2155715.563,993457.923,44000,50.5,1,NA,NA,0.23,50.7,3.02,17.803,0.61,3310530,0.617,71.25,54.93,3.06e+11,37208,4.9,5.1
"204",232,"Rome","Italy","NO",0,0,155.233526,1657,5,NA,1,1,8.154972076,2.168464744,155.2335262,428400.0479,152.5797554,0,25.75,0,43249,38782.8,21.41,35.64,87.02,5.44,0.38,3592209,0.497,68.48,45.61,2.14e+12,34909,0.7,4.1
"205",233,"Nagoya","Japan","NO",0,0,5367.465816,1032,5,NA,NA,NA,26.24024773,6.224375388,15684.81326,1023781.391,61497.9323,35160,100,0,106343,65324.8,91.38,3.53,24.57,NA,0.15,9164891,1.306,74.8,69.95,4.6e+12,36194,0.8,6.2
"206",234,"East Rand","South Africa","NO",0,0,NA,3653,4,NA,NA,NA,NA,NA,80061.15736,285456.6159,155.3516199,3417016,100,3,NA,NA,0.05,34.84,4.03,111.036,0.37,NA,0.229,71.08,66.14,3.5e+11,6483,3.1,5.5
"207",235,"Kano","Nigeria","NO",0,0,15027.58018,220,3,NA,8.0302267,8.0302267,12.05707169,0.537784416,25416.26164,113308.0828,3.157769914,1812,100,0,17615,44645.33333,0,88.8,10.12,19.12,0.03,3220929,-1.149,47.33,47.71,5.69e+11,3203,6.2,3.8
"208",236,"Kabul","Afghanistan","NO",0,0,98.62700557,120,2,NA,NA,NA,NA,NA,98.62700576,0,1.078241409,0,50.5,0,3839,8695,0,4,0,3.575,NA,3722320,-1.584,41.16,31.29,20038215159,634,8.1,NA
"209",237,"Lisbon","Portugal","NO",0,0,69249.2367,576,3,NA,6.425459496,6.425459496,23.81275558,2.188438142,73228.02799,4724.655155,830.2203932,3285,75.25,1,115763,68656,4.77,27.91,31.88,71.49,0.39,2811563,0.957,76.03,69.65,2.3e+11,22132,1.3,4.7
"210",238,"Hanoi","Vietnam","NO",0,0,NA,600,1,4.622815087,NA,4.622815087,26.17868614,1.142571825,0,0,7.746979394,0,0,0,5107,5107,19.61,63.88,6.64,25.525,0.04,2811020,-0.515,64.42,65.89,1.86e+11,2052,6.8,3.9
"211",239,"Kiev","Ukraine","NO",0,0,334820.4748,900,3,NA,NA,NA,4.779406071,0.313023067,334820.4749,28727.78607,259.1019539,0,75.25,2,6086,11638.33333,34.79,63.1,1.21,36.043,0.06,2805867,-0.715,61.52,66.25,1.32e+11,3083,0,2.9
"212",240,"San Juan","Puerto Rico","NO",0,0,328.2397961,2336,2,NA,NA,NA,13.84677511,3.182568097,1013.299802,0,30.471679,0,100,0,10540,14804,55.52,32.4,3.63,NA,NA,468729,0.55,70.35,58.03,1.03e+11,28682,1.2,NA
"213",241,"Bucharest","Romania","NO",0,0,6430.883098,1430,3,NA,NA,NA,22.88967323,3.438125944,6430.883032,767351.221,1557.783079,0,100,0,7359,18113.33333,42.37,51.19,23.93,1.823,0.13,1889202,0.144,70.22,64.95,1.99e+11,9997,3,3.9
"214",242,"Kuwait City","Kuwait","NO",0,0,NA,1251,7,NA,NA,NA,NA,NA,0,0,1761672.992,4090.12065,100,0,87974,35269.14286,NA,NA,NA,0,1.29,2101856,-0.072,63.11,50.59,1.64e+11,43594,4.2,4.3
"215",243,"Sanaa","Yemen","NO",0,0,NA,NA,1,NA,NA,NA,NA,NA,0,0,685.8264243,0,0,0,7241,7241,NA,NA,NA,0.801,0.11,2291298,-1.334,54.84,58.82,35954502304,1408,3.4,NA
"216",244,"Tashkent","Uzbekistan","NO",0,0,119.697103,1570,2,NA,7,7,2.005275473,0.742570836,218.8842332,96002.97829,85573.80846,0,100,0,8680,6469,0,35.01,0,0.565,0.04,2208834,-1.248,54.26,69.47,62643953022,2037,5.5,NA
"217",245,"Santo Domingo","Dominican Republic","YES",1,0,4573.50569,1348,6,NA,1,1,28.40174103,2.452428742,4931.609118,926786.3387,1345.914559,1116,100,0,110038,32543,27.68,61.93,0,13.267,0.35,2601121,-0.284,63.43,61.87,64137819040,6164,5.2,4
"218",246,"Havana","Cuba","NO",0,0,122.9109866,NA,4,NA,2,2,3.726346254,0.948217995,165.2697702,3301343.108,229143.6292,0,75.25,0,22671,16755.25,10.05,65.23,17.49,4.356,0.18,2164747,-0.598,NA,NA,77149700000,6790,4.4,NA
"219",247,"Asuncion","Paraguay","NO",0,0,790671.9778,330,1,NA,NA,NA,NA,NA,790671.9778,24345.82744,118416.2486,0,100,1,7462,7462,30.73,3.61,12.49,3.343,1.09,2039633,-0.644,62.5,58.21,30880859580,4713,3.4,3.6
"220",248,"Baku","Azerbaijan","NO",0,0,190818.8143,NA,4,NA,5.686544128,5.686544128,35.67749405,4.78036606,190818.8143,3345785.303,3704.424919,744,75.25,2,24397,101014,9.34,38,9.6,1.746,0,2061843,-0.704,64.08,69.02,75198010965,7884,8,3.8
"221",249,"Beirut","Lebanon","NO",0,0,NA,NA,2,NA,NA,NA,NA,NA,0,0,27.59873896,0,0,0,13951,8038.5,NA,NA,NA,0.447,1.35,1990263,-0.719,60.61,55.4,45730945274,10058,4.2,4.1
"222",250,"Brussels","Belgium","NO",0,0,12631.67692,164,7,1.198229407,1,1.148672055,7.20594502,1.298561442,12631.67692,0,950562.3197,0,25.75,1,85598,54776.42857,19.51,69.05,21.59,143.167,0.97,1958115,1.368,71.11,77.67,5.32e+11,47353,1.9,5.4
"223",251,"Bamako","Mali","NO",0,0,115404.8052,NA,3,3.922870829,2.382405745,3.152638287,20.4913063,0.805530605,230595.3225,242.189147,760.3771918,0,50.5,2,6438,6831.333333,0.02,22.37,4.16,3.367,0.62,1933356,-0.801,52.59,51.25,12037229619,705,4.5,3.7
"224",252,"Ouagadougou","Burkina Faso","NO",0,0,23471.77797,83,3,NA,NA,NA,NA,NA,23471.77796,720830.9439,260.3777366,0,100,0,42866,21621.66667,0,32.68,0.51,5.989,0.34,1914162,-0.49,48.36,43.83,12542221942,713,5.9,NA
"225",253,"Allepo","Syria","NO",0,0,111645.6099,NA,1,NA,8.312661499,8.312661499,32.27725601,4.271709205,111645.6099,16480.62559,54.01865903,10000,100,1,128066,128066,0.25,11.94,0,0.662,0.06,3078498,-1.687,46.51,35.17,NA,NA,4.3,NA
"226",254,"Antananarivo","Madagascar","NO",0,0,4310.574661,128,2,NA,5,5,8.693929672,1.52494316,5991.104898,0,517.1553635,0,100,0,4352,10712,2.19,11.42,0,22.466,0.06,2021267,-0.812,49.25,45.91,10593147381,449,2.8,3.1
"227",255,"Dubai","United Arab Emirates","NO",0,0,NA,1779,1,NA,NA,NA,NA,NA,0,0,5030.040747,0,100,0,26082,26082,NA,NA,NA,0,0.93,1777855,0.628,76.81,52.52,3.99e+11,43963,4.9,5.5
"228",256,"Budapest","Hungary","NO",0,0,183794.1174,453,2,NA,NA,NA,NA,NA,183794.1175,573935.6267,58003.20941,0,0,1,15332,12252,15.59,79.64,19.11,42.74,0.59,1734398,0.649,68.79,73.36,1.38e+11,14029,2.2,3.4
"229",257,"Lusaka","Zambia","NO",0,0,152926.0868,200,2,NA,7.408568848,7.408568848,5.922297478,0.481815621,152926.0868,0,10793.14949,0,50.5,1,5290,24258.5,0.31,2.98,46.25,17.146,0.59,1718885,-0.226,59.65,57.53,27066230009,1722,5.4,4.5
"230",258,"Warsaw","Poland","NO",0,0,153159.4335,400,3,NA,NA,NA,21.68999672,0.736792123,237667.6497,7395798.343,231.7973926,282.9,50.5,3,4047,10601.33333,29.6,66.86,17,40.369,0.23,1702689,0.835,73.56,64.83,5.45e+11,14343,4.2,4.3
"231",259,"Conakry","Guinea","NO",0,0,958.0179296,165,2,6.327941176,6.745098039,6.536519608,14.10755519,3.059249286,958.0179293,241056.293,6596.354763,0,50.5,0,67548,42390,12.47,13.74,10.71,4.069,0.13,1665606,-1.183,47.42,49.74,6624068016,540,3.1,2.6
"232",260,"Vienna","Austria","NO",0,0,1146.594805,370,4,NA,NA,NA,NA,NA,1146.594805,0,12093.50832,1300,25.75,1,48982,65984.75,18.69,71.87,28.11,104.496,0.75,1699888,1.531,77.42,81.55,4.37e+11,51191,1.9,5.9
"233",261,"La Paz","Bolivia","NO",0,0,231.8491709,190,4,NA,2,2,18.15044525,6.45957751,231.8491765,15675641.06,244.5986931,84,100,0,14952,19580.25,2.93,0,26.53,20.843,0.79,1671931,-0.549,49.95,54.93,32996187988,3124,4.2,3.4
"234",262,"Kigali","Rwanda","NO",0,0,8331.437775,54,3,NA,NA,NA,NA,NA,9982.236376,27610.40311,1161.323093,0,75.25,1,1734,3043,4.84,83.96,3.75,11.486,0,1044145,-0.122,70.47,63.94,7890190337,696,6.8,5.6
"235",263,"Lilongwe","Malawi","NO",0,0,1832.66341,86,2,NA,7,7,11.47957803,1.095804043,2818.773012,1202.948398,28420.19079,0,100,2,2624,12296.5,0.07,10.43,31.07,5.52,0.19,730841,-0.413,49.2,43.73,4258033615,255,4.2,4.2
"236",264,"Nouakchott","Mauritania","NO",0,0,8807.354856,60,2,NA,3.086206897,3.086206897,7.365607262,0.6420916,8807.354856,252847.6998,417.3791118,0,50.5,0,362576,199088,0,2.97,0,1.531,0.72,809922,-0.862,44.21,58.47,5061180371,1275,4.3,2.5
"237",265,"Vientiane","Laos","NO",0,0,318936.1591,120,3,NA,5.792354019,5.792354019,40.34671402,6.221322368,318936.159,1309588.878,18.08380387,0,75.25,1,21503,13064.33333,56.11,8.81,1.17,3.174,0.18,761113,-0.8,51.45,57.49,11997062177,1794,7.1,3.6
"238",266,"Monrovia","Liberia","NO",0,0,20199.3013,10,2,2,2.042253521,2.021126761,18.07853699,1.123659773,20199.3013,1572783.304,90.57626912,0,50.5,1,26319,17845.5,60.81,14.57,12.4,0.686,0,1055952,-0.792,46.61,35.43,2.01e+09,458,10.4,4.4
"239",267,"Bishkek","Kyrgyzstan","NO",0,0,NA,454,1,NA,NA,NA,NA,NA,0,0,0.347877617,0,0,0,8648,8648,NA,NA,NA,0.328,0.2,830476,-0.794,60.74,64.63,7404412710,1269,3.1,3.3
"240",268,"Managua","Nicaragua","NO",0,0,5994.359314,440,2,4.53460972,4.014084507,4.53460972,19.27267647,2.39683259,5994.359315,852.3100323,6.386565566,0,0,0,4898,5092.5,6.32,42.4,18.72,5.447,1.31,932019,-0.532,58.09,62.42,11805641287,1963,4,3.2
"241",269,"Ulaan Baatar","Mongolia","NO",0,0,4060.720732,154,2,NA,NA,NA,NA,NA,4060.720731,812570.9442,13452.78192,0,0,0,46321,26613.5,NA,NA,0,3.826,0.41,1137840,-0.181,65.02,70.17,12015944337,4129,6.5,3.7
"242",270,"Amsterdam","Netherlands","NO",0,0,160545.5753,234,3,NA,1,1,38.59302521,2.729688977,160545.5753,4584152.694,77.82688072,0,50.5,1,41840,30929,26.91,59.04,25.71,999.776,1.98,1056698,1.682,75.01,75.1,8.79e+11,52172,2,6
"243",271,"Tbilsi","Georgia","NO",0,0,2382.320947,NA,4,NA,NA,NA,NA,NA,4318.318201,519616.9804,33.73316601,3236,75.25,0,5704,30806.5,39.11,38.49,4.65,5.27,0.39,1127303,0.206,79.46,71.82,16529963187,3670,5.1,4.3
"244",272,"Maputo","Mozambique","NO",0,0,5402.547388,144,1,NA,9,9,11.02916145,1.749310274,5402.547387,213151.5169,24.43437519,0,100,1,23130,23130,0.16,8.62,10.01,13.287,0.11,1127408,-0.519,56.92,39.81,15938468563,586,8.5,3.5
"245",273,"Amman","Jordan","NO",0,0,15366.957,465,7,NA,9,9,17.55372238,1.269752388,19230.38587,2237149.405,10206.26629,0,75.25,3,57037,92196.71429,0,26.39,1.81,2.77,2.13,1108820,-0.16,58.4,54.04,35826925775,5423,4.8,4.8
"246",274,"Almaty","Kazakhstan","NO",0,0,558.4227287,1309,3,NA,4,4,26.54676922,9.133834862,558.4227374,125846.1325,62889.01466,0,75.25,1,11294,12065.66667,19.97,9.14,0,4.22,0.27,1400733,-0.682,64.59,69.33,2.18e+11,12602,4.7,4.2
"247",275,"Phnom Penh","Cambodia","NO",0,0,755573.5193,300,3,NA,6.170469924,6.170469924,27.31383896,1.48031371,755573.5193,231873.0972,27995.33234,0,100,2,3274,4698.666667,28.69,45.43,1.28,4.875,0.08,1509715,-0.735,55.33,32.79,16777820333,1095,7.7,3.6
"248",276,"Brazzaville","Congo","NO",0,0,3649348.658,132,2,NA,NA,NA,0.674967915,0.676081941,3650321.537,118905.6443,1217608.726,0,100,1,11671,9868,0,53.85,9.62,0.761,0.55,1574151,-1.075,43.29,44.11,14177440495,3147,2.7,NA
"249",277,"Macau","China","NO",0,0,390473.525,258,2,NA,NA,NA,NA,NA,390473.5251,590523.0944,64608.89776,0,100,2,2729,5088.5,43.17,16.88,0.24,145.644,0.01,187000,-0.545,62.58,68.21,1.04e+13,7590,9.7,4.4
"250",278,"Zhengzhou","China","YES",1,0,734632.6198,1767,4,NA,5.38980708,5.38980708,28.302948,2.918047269,1468282.527,2122172.883,528.7773225,0,50.5,0,18011,18594.66667,4.6,54.06,1.84,145.644,0.01,3629582,-0.545,62.58,68.21,1.04e+13,7590,9.7,4.4
"251",279,"Harbin","China","NO",0,0,170.7034497,1530,2,NA,2,2,1.771487951,0.27499622,170.7034498,2593294.77,7589.800875,0,100,0,155268,82392.5,0.12,88.95,0,145.644,0.01,4896299,-0.545,62.58,68.21,1.04e+13,7590,9.7,4.4
"252",281,"Birmingham","United States","NO",0,1,3242.380435,378,5,NA,1,1,3.979487185,0.756128049,5816.143946,29368.55765,457.350939,0,100,0,NA,NA,49.71,26.64,4.95,7483.807,0.25,751773,1.21,81.98,67.26,1.74e+13,54630,2.5,5.5
"253",283,"Mobile","United States","NO",0,1,264.4000201,151,1,NA,NA,NA,0.968570005,0.363071016,264.4000206,2047377.964,NA,0,100,0,NA,NA,25.09,16.82,0,7483.807,0.25,326400,1.21,81.98,67.26,1.74e+13,54630,2.5,5.5
"254",286,"Little Rock","United States","YES",1,1,472.0168513,NA,2,NA,1,1,4.428837781,1.494623198,472.0168505,71976.8307,0,0,100,0,NA,NA,63.05,4.38,46.55,7483.807,0.25,433329,1.21,81.98,67.26,1.74e+13,54630,2.5,5.5
"255",288,"Tucson","United States","NO",0,1,NA,384,3,9.574257426,NA,6.070226774,25.49534246,2.268933494,456074.8487,7783252.44,0.0013659,0,91.75,0,4084,4084,0.15,0.79,13.07,7483.807,0.25,846482,1.21,81.98,67.26,1.74e+13,54630,2.5,5.5
"256",290,"Bakersfield","United States","NO",0,1,6320.68679,240,4,9.556835067,10,9.889208767,33.43126011,7.630325516,8904.76843,441458.9163,5.79626681,0,87.625,0,10196,6693,12.99,14.92,32.59,7483.807,0.25,527662,1.21,81.98,67.26,1.74e+13,54630,2.5,5.5
"257",291,"Concord (NC)","United States","NO",0,1,242.868244,NA,6,NA,NA,NA,NA,NA,2692.7183,226410349.7,13347.53132,0,100,2,NA,NA,0.18,19.82,24.08,7483.807,0.25,617637,1.21,81.98,67.26,1.74e+13,54630,2.5,5.5
"258",293,"Fresno","United States","NO",0,1,8336.7555,NA,3,NA,NA,NA,NA,NA,8336.755499,47026.9975,334.9456338,0,75.25,0,NA,NA,44.81,1.61,53.99,7483.807,0.25,657331,1.21,81.98,67.26,1.74e+13,54630,2.5,5.5
"259",296,"Mission Viejo","United States","NO",0,1,NA,NA,9,NA,NA,NA,NA,NA,455307.9625,9154973.199,2615.398425,0,100,0,1868,1868,7.64,3.29,15.43,7483.807,0.25,585004,1.21,81.98,67.26,1.74e+13,54630,2.5,5.5
"260",297,"Modesto","United States","NO",0,1,37026.61867,218,3,NA,NA,NA,NA,NA,37026.61867,5204.817792,0,0,75.25,0,45523,25012.66667,9.68,41.87,18.98,7483.807,0.25,359437,1.21,81.98,67.26,1.74e+13,54630,2.5,5.5
"261",298,"Oxnard","United States","NO",0,1,9.604403038,90,10,NA,10,10,2.115557194,1.121631062,455317.5669,9155719.395,5784.350154,0,100,0,4933,4933,0,2.08,15.43,7483.807,0.25,368032,1.21,81.98,67.26,1.74e+13,54630,2.5,5.5
"262",300,"Sacramento","United States","NO",0,1,67179.09728,366,3,NA,9.106854839,9.106854839,26.11583138,2.825046739,134357.69,266394.5235,NA,0,75.25,0,NA,NA,20.87,29.41,5.12,7483.807,0.25,1732797,1.21,81.98,67.26,1.74e+13,54630,2.5,5.5
"263",304,"Santa Cruz (Bolivia)","Bolivia","YES",1,0,NA,NA,5,NA,NA,NA,NA,NA,414.678253,1389893.546,196.3754661,0,100,1,3901,4899.25,87.7,0,13.38,20.843,0.79,1684180,-0.549,49.95,54.93,32996187988,3124,4.2,3.4
"264",306,"Santa Rosa","United States","NO",0,1,4259.785108,65,6,NA,9,9,19.31822777,4.404488598,5159.6621,29325132.9,0.326847644,0,75.25,0,2498,9409.666667,26.24,15.9,5.58,7483.807,0.25,308823,1.21,81.98,67.26,1.74e+13,54630,2.5,5.5
"265",308,"Stockton","United States","NO",0,1,929.3520116,113,4,NA,NA,NA,NA,NA,3310.913171,3788286.83,710.8014786,0,62.875,0,24970,16244.5,27.82,25.07,9.64,7483.807,0.25,372135,1.21,81.98,67.26,1.74e+13,54630,2.5,5.5
"266",313,"Colorado Springs","United States","YES",1,1,2200.060359,338,26,NA,5.5,5.5,20.38074607,3.547729906,15659.04948,94437802.88,809.4415136,0,100,0,11848,15094,37.41,0.64,13.28,7483.807,0.25,561960,1.21,81.98,67.26,1.74e+13,54630,2.5,5.5
"267",316,"Hartford","United States","NO",0,1,951.8377684,NA,2,NA,NA,NA,6.473640732,1.785526173,1108.165709,71152.36304,3705.684022,0,100,0,NA,NA,98.26,1,2.16,7483.807,0.25,926766,1.21,81.98,67.26,1.74e+13,54630,2.5,5.5
"268",317,"New Haven","United States","NO",0,1,335.0356646,182,16,NA,NA,NA,4.686887734,1.132212668,430.3966935,36489237.64,40205.5696,0,100,1,3752,3924.333333,80.49,2.35,3.16,7483.807,0.25,563649,1.21,81.98,67.26,1.74e+13,54630,2.5,5.5
"269",321,"Cape Coral","United States","NO",0,1,NA,NA,1,NA,NA,NA,NA,NA,0,0,35.28119403,0,0,0,1666,1666,29.34,29.17,4.93,7483.807,0.25,536609,1.21,81.98,67.26,1.74e+13,54630,2.5,5.5
"270",325,"Kissimmee","United States","NO",0,1,NA,NA,1,NA,NA,NA,NA,NA,0,0,NA,0,0,0,NA,NA,NA,NA,NA,7483.807,0.25,318172,1.21,81.98,67.26,1.74e+13,54630,2.5,5.5
"271",328,"Orlando","United States","NO",0,1,NA,262,1,NA,NA,NA,NA,NA,0,0,2089.867396,0,0,0,586,586,29.34,29.17,4.93,7483.807,0.25,1520578,1.21,81.98,67.26,1.74e+13,54630,2.5,5.5
"272",333,"Pensacola","United States","NO",0,1,NA,NA,1,NA,NA,NA,NA,NA,0,0,0,0,0,0,3836,3836,29.34,29.17,4.93,7483.807,0.25,340483,1.21,81.98,67.26,1.74e+13,54630,2.5,5.5
"273",337,"Augusta ","United States","NO",0,1,18632.05387,161,2,NA,NA,NA,NA,NA,18632.05387,5859.715535,1.718128743,0,50.5,0,8832,9118,39.25,19.29,3.48,7483.807,0.25,388158,1.21,81.98,67.26,1.74e+13,54630,2.5,5.5
"274",340,"Des Moines","United States","NO",0,1,25826.11193,511,3,NA,NA,NA,NA,NA,35146.85342,31642032.42,114649.2332,0,100,0,7214,5851.666667,0.06,98.98,1.25,7483.807,0.25,452259,1.21,81.98,67.26,1.74e+13,54630,2.5,5.5
"275",344,"Boise","United States","NO",0,1,7037.158054,NA,2,NA,NA,NA,NA,NA,7037.158055,1089333.524,1379.395354,0,50.5,0,7297,6011,35.37,2.73,7.02,7483.807,0.25,351861,1.21,81.98,67.26,1.74e+13,54630,2.5,5.5
"276",348,"Springfield (MA)","United States","NO",0,1,116.8921997,83,2,NA,NA,NA,NA,NA,8156.396176,49266747.76,26190.13129,0,100,0,7990,7990,0.89,96.76,0.25,7483.807,0.25,622539,1.21,81.98,67.26,1.74e+13,54630,2.5,5.5
"277",349,"Fort Wayne","United States","NO",0,1,2867.034269,NA,3,NA,NA,NA,NA,NA,7646.902483,198139.2264,4.341368171,0,100,0,2272,2272,0.55,97.24,0.18,7483.807,0.25,314162,1.21,81.98,67.26,1.74e+13,54630,2.5,5.5
"278",355,"Wichita","United States","NO",0,1,2577.753388,135,2,NA,8,8,0.819612563,0.213230041,2577.753389,7540.02359,13.25661023,0,50.5,0,NA,NA,0.01,40.08,3.15,7483.807,0.25,474206,1.21,81.98,67.26,1.74e+13,54630,2.5,5.5
"279",357,"Louisville","United States","NO",0,1,236385.646,372,2,NA,NA,NA,NA,NA,472686.1736,841665.5025,0,0,100,0,3643,5029,48.13,48.94,1.89,7483.807,0.25,975432,1.21,81.98,67.26,1.74e+13,54630,2.5,5.5
"280",358,"Baton Rouge","United States","NO",0,1,NA,NA,1,NA,NA,NA,NA,NA,0,0,NA,0,0,0,2456,2456,29.34,29.17,4.93,7483.807,0.25,597514,1.21,81.98,67.26,1.74e+13,54630,2.5,5.5
"281",363,"New Orleans","United States","NO",0,1,3185304.029,NA,1,NA,2.774371825,2.774371825,25.78883553,0.613840997,3185304.029,6986.806725,NA,0,100,1,15563,15563,14.16,35.6,3.11,7483.807,0.25,900836,1.21,81.98,67.26,1.74e+13,54630,2.5,5.5
"282",367,"Springfield (IL)","United States","NO",0,1,7442.00737,NA,1,NA,NA,NA,NA,NA,116.8921998,341280.9857,6989.020379,0,100,0,NA,NA,100,0,0.01,7483.807,0.25,573610,1.21,81.98,67.26,1.74e+13,54630,2.5,5.5
"283",368,"Worcester","United States","NO",0,1,1439070.044,91,13,NA,NA,NA,3.688285008,1.201744003,520.8537603,43889367.88,199.8404196,334.68,100,0,5862,8217,84.54,4.35,1.55,7483.807,0.25,488018,1.21,81.98,67.26,1.74e+13,54630,2.5,5.5
"284",371,"Ann Arbor","United States","NO",0,1,1609.603916,NA,2,NA,NA,NA,NA,NA,1609.603917,4468668.086,367.2121851,0,50.5,0,1840,1840,15.55,76.53,5.45,7483.807,0.25,306595,1.21,81.98,67.26,1.74e+13,54630,2.5,5.5
"285",372,"Flint","United States","NO",0,1,NA,75,2,NA,NA,NA,NA,NA,1261004.771,1510896.503,0,0,100,2,NA,NA,36.11,26.93,3.73,7483.807,0.25,355999,1.21,81.98,67.26,1.74e+13,54630,2.5,5.5
"286",373,"Grand Rapids","United States","NO",0,1,52638.73425,138,1,NA,NA,NA,NA,NA,176393.4588,199561.1673,223970.9346,0,100,0,NA,NA,25.97,37.3,6.08,7483.807,0.25,570727,1.21,81.98,67.26,1.74e+13,54630,2.5,5.5
"287",375,"Lansing","United States","NO",0,1,NA,71,1,NA,NA,NA,NA,NA,0,0,628.7688924,0,0,0,1101,1101,NA,NA,NA,7483.807,0.25,313876,1.21,81.98,67.26,1.74e+13,54630,2.5,5.5
"288",380,"Kansas City","United States","NO",0,1,1070648.987,387,2,NA,NA,NA,NA,NA,1070648.987,264.7368395,0.180638998,0,50.5,1,2691,4598.5,3.6,37.09,3.85,7483.807,0.25,1523574,1.21,81.98,67.26,1.74e+13,54630,2.5,5.5
"289",385,"Durham","United States","NO",0,1,5077.903529,NA,3,NA,NA,NA,2.345081329,0.453972726,5077.903592,404638.222,5.28737013,0,100,0,NA,NA,30.08,36.18,0.13,7483.807,0.25,349242,1.21,81.98,67.26,1.74e+13,54630,2.5,5.5
"290",386,"Fayetteville","United States","NO",0,1,11485.30026,101,5,NA,NA,NA,2.025399208,0.456828797,11545.12987,34190.46502,183657.4388,0,100,0,NA,NA,29.78,22.89,0.12,7483.807,0.25,311179,1.21,81.98,67.26,1.74e+13,54630,2.5,5.5
"291",388,"Greensboro","United States","NO",0,1,13014.54108,110,8,NA,NA,NA,15.33421135,1.208750549,13407.01798,126754.4573,1493.876131,0,100,0,73696,73696,33.56,40.33,0.94,7483.807,0.25,312993,1.21,81.98,67.26,1.74e+13,54630,2.5,5.5
"292",391,"Raleigh","United States","YES",1,1,1991.946323,254,1,NA,NA,NA,2.09913135,0.492748199,1991.946323,88473.09974,NA,0,100,0,NA,NA,52.41,23.78,1.52,7483.807,0.25,895794,1.21,81.98,67.26,1.74e+13,54630,2.5,5.5
"293",393,"Winston-Salem","United States","NO",0,1,5095.376544,139,2,NA,NA,NA,NA,NA,5167.84723,3454.990428,NA,0,100,0,19364,19364,48.39,44.85,1.88,7483.807,0.25,393640,1.21,81.98,67.26,1.74e+13,54630,2.5,5.5
"294",396,"Omaha","United States","NO",0,1,1033176.742,341,3,NA,NA,NA,NA,NA,1033176.742,17416.67595,3166857.192,0,75.25,1,3737,14793.66667,4.87,23.66,3.96,7483.807,0.25,727649,1.21,81.98,67.26,1.74e+13,54630,2.5,5.5
"295",397,"Manchester","United States","NO",0,1,109.1501151,64,1,NA,NA,NA,2.316326883,0.914250446,109.1501153,24737.55933,0,0,100,0,7245,7245,93.62,2.66,0,7483.807,0.25,2537770,1.21,81.98,67.26,1.74e+13,54630,2.5,5.5
"296",401,"Albuquerque","United States","NO",0,1,44410.84476,342,2,NA,8.690014903,8.690014903,24.95952034,3.683502439,44410.84476,34742.96533,194.9372269,0,50.5,0,7772,12082,22.28,4.49,14.96,7483.807,0.25,745294,1.21,81.98,67.26,1.74e+13,54630,2.5,5.5
"297",403,"Reno","United States","NO",0,1,2277.758942,NA,5,9.046920821,9,9,23.28231812,4.662868358,3333.666672,54237.02297,7296.252631,0,100,0,NA,NA,66.76,0.7,7.34,7483.807,0.25,394649,1.21,81.98,67.26,1.74e+13,54630,2.5,5.5
"298",404,"Albany","United States","NO",0,1,143.8379453,85,2,NA,NA,NA,4.03987769,1.655696467,143.8378829,1.1769162,NA,0,100,0,31753,31753,81.2,18,1.99,7483.807,0.25,595889,1.21,81.98,67.26,1.74e+13,54630,2.5,5.5
"299",405,"Buffalo","United States","NO",0,1,NA,NA,1,NA,NA,NA,NA,NA,683703.4536,11831935.66,13652.69835,0,100,1,NA,NA,4.38,62.76,3.73,7483.807,0.25,934911,1.21,81.98,67.26,1.74e+13,54630,2.5,5.5
"300",406,"Rochester","United States","NO",0,1,176.1325068,132,3,NA,NA,NA,NA,NA,768073.8682,27781129.81,293.1664631,0,100,1,NA,NA,31.36,40.59,3.58,7483.807,0.25,721237,1.21,81.98,67.26,1.74e+13,54630,2.5,5.5
"301",407,"Syracuse","United States","YES",1,1,189.6526692,136,2,NA,NA,NA,NA,NA,768037.2697,8627304.179,86891.99022,0,100,1,NA,NA,31.36,40.59,3.58,7483.807,0.25,412571,1.21,81.98,67.26,1.74e+13,54630,2.5,5.5
"302",410,"Akron","United States","NO",0,1,757.7044824,132,3,NA,NA,NA,NA,NA,947.7107987,3719659.477,2.654829179,0,100,0,NA,NA,20.93,75.27,0.79,7483.807,0.25,569481,1.21,81.98,67.26,1.74e+13,54630,2.5,5.5
"303",412,"Dayton","United States","NO",0,1,NA,NA,1,NA,NA,NA,NA,NA,0,0,NA,0,0,0,1136,1136,NA,NA,NA,7483.807,0.25,724614,1.21,81.98,67.26,1.74e+13,54630,2.5,5.5
"304",413,"Cincinnati","United States","NO",0,1,198178.2653,503,2,NA,NA,NA,NA,NA,198178.2653,0,204997.2867,0,50.5,0,2397,4103.5,52.92,44.5,2.12,7483.807,0.25,1627981,1.21,81.98,67.26,1.74e+13,54630,2.5,5.5
"305",414,"Toledo","United States","NO",0,1,NA,303,1,NA,NA,NA,NA,NA,683703.4536,11831935.66,961.2657098,0,100,1,NA,NA,29.31,37.59,3.73,7483.807,0.25,507759,1.21,81.98,67.26,1.74e+13,54630,2.5,5.5
"306",415,"Youngstown","United States","NO",0,1,190.4280291,68,1,NA,NA,NA,NA,NA,190.4280289,2382.017612,NA,0,100,0,NA,NA,18.23,72.02,0.42,7483.807,0.25,386833,1.21,81.98,67.26,1.74e+13,54630,2.5,5.5
"307",416,"Oklahoma City","United States","NO",0,1,35644.81178,416,6,NA,NA,NA,NA,NA,69282.29107,26839318.21,831.0648464,0,100,0,NA,NA,0.01,14.2,0.8,7483.807,0.25,864574,1.21,81.98,67.26,1.74e+13,54630,2.5,5.5
"308",417,"Tulsa","United States","YES",1,1,12344.45713,437,4,NA,NA,NA,NA,NA,13289.08993,6759737.045,2505.482103,0,100,0,NA,NA,1.84,12.19,1,7483.807,0.25,658106,1.21,81.98,67.26,1.74e+13,54630,2.5,5.5
"309",420,"Salem","United States","NO",0,1,1786.943853,95,1,NA,4.333333333,4.333333333,32.49735553,7.343718412,1786.943852,20176.20854,0,0,100,0,23452,23452,97.33,1.19,21.13,7483.807,0.25,906669,1.21,81.98,67.26,1.74e+13,54630,2.5,5.5
"310",422,"Harrisburg","United States","NO",0,1,63536.15043,NA,3,NA,NA,NA,NA,NA,124381.5322,25754403.27,322.995094,0,100,0,18890,10328.66667,60.31,37.93,1.72,7483.807,0.25,446731,1.21,81.98,67.26,1.74e+13,54630,2.5,5.5
"311",423,"Lancaster","United States","NO",0,1,68356.46776,NA,2,NA,NA,NA,NA,NA,68356.46776,5896734.372,16550.03798,0,100,0,3018,10516,16.47,75.32,1.65,7483.807,0.25,404186,1.21,81.98,67.26,1.74e+13,54630,2.5,5.5
"312",424,"Pittsburgh","United States","NO",0,1,25955.70774,265,1,NA,NA,NA,NA,NA,30302.35297,130573.7798,0.204520463,0,100,0,NA,NA,61.12,37.43,0.93,7483.807,0.25,1733375,1.21,81.98,67.26,1.74e+13,54630,2.5,5.5
"313",426,"Scranton","United States","NO",0,1,43.22984907,147,3,NA,NA,NA,NA,NA,43.22984922,10139319.98,441.4300607,0,100,0,NA,NA,69.92,25.85,0,7483.807,0.25,381409,1.21,81.98,67.26,1.74e+13,54630,2.5,5.5
"314",428,"Providence","United States","YES",1,1,275.8177337,254,6,NA,NA,NA,2.213988569,0.833924398,896.3273365,521223.5571,799.6081377,0,100,0,16766,16766,95.73,2.66,1.63,7483.807,0.25,1191368,1.21,81.98,67.26,1.74e+13,54630,2.5,5.5
"315",429,"Columbia","United States","NO",0,1,20355.2072,NA,2,NA,NA,NA,16.34630013,0.838815161,26642.35612,65794.38444,156684.9704,0,100,0,1818,1818,41.36,9.49,1.41,7483.807,0.25,420537,1.21,81.98,67.26,1.74e+13,54630,2.5,5.5
"316",430,"Greenville","United States","NO",0,1,1417.06187,NA,3,NA,NA,NA,1.581802644,0.472982315,1417.061822,469960.2225,6115.123604,0,100,0,NA,NA,70.74,6.02,8.73,7483.807,0.25,403314,1.21,81.98,67.26,1.74e+13,54630,2.5,5.5
"317",435,"Knoxville","United States","NO",0,1,23243.89995,129,1,NA,NA,NA,NA,NA,23243.89995,2177.502301,NA,0,100,0,4858,4858,55.01,40.28,5.55,7483.807,0.25,562691,1.21,81.98,67.26,1.74e+13,54630,2.5,5.5
"318",437,"Nashville","United States","NO",0,1,30447.6664,NA,1,NA,NA,NA,NA,NA,30447.6664,264593.5875,6252.915475,0,100,0,16228,16228,58.68,39.83,3.04,7483.807,0.25,749935,1.21,81.98,67.26,1.74e+13,54630,2.5,5.5
"319",438,"Chattanooga","United States","NO",0,1,55459.91601,NA,1,NA,NA,NA,NA,NA,55459.91601,3566.078108,NA,0,100,0,3033,3033,64.26,29.27,7.3,7483.807,0.25,382101,1.21,81.98,67.26,1.74e+13,54630,2.5,5.5
"320",440,"Memphis","United States","NO",0,1,NA,386,1,NA,NA,NA,NA,NA,0,0,73.45745599,0,0,0,3423,3423,29.34,29.17,4.93,7483.807,0.25,1062354,1.21,81.98,67.26,1.74e+13,54630,2.5,5.5
"321",445,"Corpus Christi","United States","NO",0,1,46557.11815,303,3,NA,5.318766067,5.318766067,4.514627934,0.44287059,60804.49145,1819.353106,662.5620056,0,100,0,96568,96568,0.14,8.38,0.51,7483.807,0.25,320750,1.21,81.98,67.26,1.74e+13,54630,2.5,5.5
"322",448,"Laredo","Mexico","NO",0,0,363559.1858,NA,1,NA,NA,NA,NA,NA,363559.1858,178987.7287,NA,0,100,1,8346,8346,3.37,1.85,6.72,94.044,0.12,384703,-0.158,71.53,64.61,1.29e+12,10326,2.6,4
"323",450,"McAllen","United States","NO",0,1,474419.3687,NA,1,NA,NA,NA,NA,NA,474419.3687,0.592316445,NA,0,100,1,13936,13936,2,8.35,6.74,7483.807,0.25,734876,1.21,81.98,67.26,1.74e+13,54630,2.5,5.5
"324",455,"El Paso","United States","NO",0,1,86001.87829,388,3,6.657066903,NA,6.657066903,26.77027512,1.721542863,86001.87829,3083.208354,0.455775187,0,33.66666667,0,12450,12222,6.16,2.23,9.04,7483.807,0.25,806579,1.21,81.98,67.26,1.74e+13,54630,2.5,5.5
"325",456,"Salt Lake City","United States","YES",1,1,55946.0118,329,2,NA,7,7,35.45031357,5.958425648,8409.962356,699039.7378,NA,0,50.5,0,NA,NA,9.02,19.68,9.64,7483.807,0.25,1024820,1.21,81.98,67.26,1.74e+13,54630,2.5,5.5
"326",457,"Richmond","United States","NO",0,1,17593.14918,500,1,NA,NA,NA,18.00445462,2.825579827,17593.14918,3341849.363,NA,0,100,0,6941,6941,73.29,24.54,9.1,7483.807,0.25,957185,1.21,81.98,67.26,1.74e+13,54630,2.5,5.5
"327",459,"Virginia Beach","United States","NO",0,1,22209.62044,NA,5,NA,NA,NA,17.19935989,0.974515123,22563.93793,33044559.14,8169.386773,0,100,0,10868,10868,47.52,41.36,1.03,7483.807,0.25,1440812,1.21,81.98,67.26,1.74e+13,54630,2.5,5.5
"328",464,"Spokane","United States","NO",0,1,NA,218,1,NA,NA,NA,NA,NA,0,0,57.41924286,0,0,0,3755,3755,NA,NA,NA,7483.807,0.25,389270,1.21,81.98,67.26,1.74e+13,54630,2.5,5.5
"329",468,"Madison","United States","NO",0,1,11922.27762,NA,1,NA,NA,NA,NA,NA,0,0,2.262794981,0,0,0,5414,5414,NA,NA,NA,7483.807,0.25,403648,1.21,81.98,67.26,1.74e+13,54630,2.5,5.5
"330",469,"Milwaukee","United States","NO",0,1,NA,341,1,NA,NA,NA,NA,NA,176393.4588,199561.1673,1.46e-05,0,100,0,NA,NA,26.03,34.41,6.08,7483.807,0.25,1378205,1.21,81.98,67.26,1.74e+13,54630,2.5,5.5
"331",473,"Chongqing","China","NO",0,0,841082.6372,4240,3,NA,NA,NA,NA,NA,841082.6372,37440.69133,432.1844823,0,75.25,0,2302,4800.333333,35.78,16.84,4.62,145.644,0.01,11243667,-0.545,62.58,68.21,1.04e+13,7590,9.7,4.4
"332",474,"Xi'an","China","NO",0,0,2887.099647,900,4,6.070226774,NA,6.070226774,22.24778175,1.72063668,2324.977997,520619.592,1963.52332,817.16,75.25,0,21334,53452,72.38,23.1,0.95,145.644,0.01,5149350,-0.545,62.58,68.21,1.04e+13,7590,9.7,4.4
"333",475,"Dalian","China","YES",1,0,2741.684918,1580,2,NA,5.993197279,5.993197279,16.05301956,2.935878068,2741.68488,238429.8248,NA,0,100,0,139784,126518.5,46.25,50.87,0,145.644,0.01,3862366,-0.545,62.58,68.21,1.04e+13,7590,9.7,4.4
"334",476,"Kunming","China","YES",1,0,2036.729273,1300,8,NA,NA,NA,NA,NA,2036.729274,2424015.702,9275.357219,0,100,0,71007,52439.25,65.38,15.76,0,145.644,0.01,3365405,-0.545,62.58,68.21,1.04e+13,7590,9.7,4.4
"335",477,"Cali","Colombia","YES",1,0,9556.391039,1027,3,NA,4.154150198,4.154150198,29.63593483,5.729736425,9556.391039,3295912.494,5027.166295,0,100,0,4363,7695.333333,50.04,30.52,0.38,67.96,0.21,2401739,-0.307,72.29,37.66,3.78e+11,7904,3.7,4.1
"336",478,"Barranquilla","Colombia","NO",0,0,261219.7341,NA,1,NA,3.159715857,3.159715857,35.64775085,5.00178493,261219.7341,641269.6322,NA,0,100,1,5682,5682,41.89,27.19,0.4,67.96,0.21,1856788,-0.307,72.29,37.66,3.78e+11,7904,3.7,4.1
"337",479,"Quito","Ecuador","YES",1,0,1821.438723,668,10,NA,8,8,27.14378614,6.98123757,1956.540615,1998717.514,5079228.076,0,100,0,37831,35471.2,32.28,4.56,51.47,22.74,1.56,1597586,-0.578,58.88,58.3,1.01e+11,6346,3.6,3.9
"338",480,"Leon","Mexico","NO",0,0,NA,222,1,NA,NA,NA,NA,NA,0,0,NA,0,0,0,10862,10862,NA,NA,NA,94.044,0.12,1612663,-0.158,71.53,64.61,1.29e+12,10326,2.6,4
"339",481,"Ibadan","Nigeria","NO",0,0,8113.003709,123,2,NA,3.97080292,3.97080292,7.492619038,0.768109327,8113.00371,7559474.772,0,0,100,0,21447,13808,2.03,43.07,0.08,19.12,0.03,2814304,-1.149,47.33,47.71,5.69e+11,3203,6.2,3.8
"340",482,"Yaounde","Cameroon","NO",0,0,6309.953896,100,1,NA,1,1,9.094410896,0.412504109,14334.7099,232080.2471,0,0,100,0,38128,38128,96.82,1.67,6.84,13.98,0.13,2348656,-0.932,49.85,42.11,32050817633,1407,3.9,3.9
"341",483,"Lubumbashi","Congo, DRC","NO",0,0,496.1756166,650,3,NA,NA,NA,NA,NA,496.1756164,27056401.78,563621.678,0,75.25,2,4298,9918.666667,0.08,4.68,0.33,7.981,0.08,1642230,-1.57,40.6,33.51,33121070959,442,3.6,NA
"342",484,"Kumasi","Ghana","NO",0,0,1037.300508,122,2,NA,NA,NA,4.839356434,0.684972893,1037.300509,68486921.99,0,0,100,0,9067,13515,4.09,83.23,5.04,11.485,0.25,2009668,0.076,65.24,57.59,38616536132,1442,5.8,4.2
"343",485,"Concepcion","Chile","NO",0,0,24221.61836,592,2,NA,NA,NA,NA,NA,24221.61836,66883.11458,0.017961938,0,50.5,1,3556,3596.5,58.28,5.23,8.3,16.936,0.38,757164,1.174,71.24,63.85,2.58e+11,14528,4.4,5.1
"344",486,"Mombasa","Kenya","NO",0,0,39175.96496,NA,3,NA,4.144710579,4.144710579,27.63220978,1.523147248,39500.84869,35470.51983,51.36292845,0,100,1,105145,107280.6667,0.88,11.81,0.47,39.036,0.29,940333,-0.673,54.98,48.96,60936509778,1358,4,4.2
"345",487,"Jos","Nigeria","NO",0,0,222.5084202,108,4,NA,2,2,4.079102006,0.765666874,232.8941688,1549668.028,3268.142942,0,100,0,19533,24185.25,0,91.49,0,19.12,0.03,733870,-1.149,47.33,47.71,5.69e+11,3203,6.2,3.8
"346",488,"Quetta","Pakistan","NO",0,0,125.1060938,1452,3,NA,10,10,19.35906982,6.177855996,125.1060939,3818529.813,1237.860195,0,75.25,0,19590,11069.33333,0,0,99.99,5.93,0.16,913191,-1.125,56.64,41.53,2.44e+11,1317,3.9,3.5
"347",489,"Rajshahi","Bangladesh","NO",0,0,944221.7187,591,2,NA,5.831346817,5.831346817,48.70059967,4.162551136,1888379.733,2462557.978,94713.46628,0,50.5,2,6166,3485.5,11.44,68.27,5.19,8.456,0.12,785525,-0.918,46.84,20.82,1.73e+11,1087,5.4,3.5
"348",490,"Aracaju","Brazil","NO",0,0,634398.8422,NA,4,5.934497817,7.343780166,6.991459579,21.2409668,1.131149761,634398.8422,531262.7286,503483.63,0,75.25,1,5397,5397,0.84,23.25,9.1,180.884,0.09,746544,-0.027,58.01,53.6,2.35e+12,11384,3.1,3.9
"349",491,"Taipei","China","NO",0,0,1708.496154,2500,6,NA,NA,NA,24.90017569,8.07851309,2688.903939,635068.174,493.2167559,2121.09,100,1,16737,17248.5,95.59,1.78,0,145.644,0.01,2654039,-0.545,62.58,68.21,1.04e+13,7590,9.7,4.4
"350",492,"Guangzhou","China","YES",1,0,29622.23798,4225,4,NA,NA,NA,18.68674469,1.932048985,31971.85691,52503.69801,3774.129966,0,100,0,82402,35676.25,38.29,36.63,0,145.644,0.01,9620379,-0.545,62.58,68.21,1.04e+13,7590,9.7,4.4
"351",493,"Wuhan","China","NO",0,0,2324.978061,3100,2,NA,NA,NA,NA,NA,1439070.044,178394.9827,0.182723517,0,100,0,34168,36403,51.05,27.84,2.75,145.644,0.01,7514801,-0.545,62.58,68.21,1.04e+13,7590,9.7,4.4
"352",494,"Tianjin","China","NO",0,0,996182.5478,6327,8,NA,6.571655604,6.571655604,24.49369431,2.155007905,1032232.492,1783984.884,NA,0,100,0,133862,140102.4286,13.58,57.67,0,145.644,0.01,9450932,-0.545,62.58,68.21,1.04e+13,7590,9.7,4.4
"353",495,"Dongguan","China","NO",0,0,6122.504406,5948,4,NA,NA,NA,5.707975869,0.596482998,6236.431316,101591.2519,NA,0,75.25,1,100689,30868.75,7.3,28.66,0,145.644,0.01,7118368,-0.545,62.58,68.21,1.04e+13,7590,9.7,4.4
"354",496,"Chengdu","China","YES",1,0,1871.980489,1707,8,2,NA,NA,23.37722397,0.826743017,2357.322492,106981762.2,NA,0,100,0,27635,17299.75,6.13,75.24,0,145.644,0.01,6234260,-0.545,62.58,68.21,1.04e+13,7590,9.7,4.4
"355",497,"Nanjing","China","YES",1,0,1722695.298,3400,1,NA,NA,NA,NA,NA,1722695.298,0,NA,0,100,0,13963,13963,43.23,36.86,2.33,145.644,0.01,6162151,-0.545,62.58,68.21,1.04e+13,7590,9.7,4.4
"356",498,"Qingdao","China","NO",0,0,761149.8739,2621,13,NA,8.377892031,8.377892031,25.12270927,1.183061403,761149.8739,102626099.5,NA,0,100,0,21201,57182.58333,1.83,91.07,0.03,145.644,0.01,3951543,-0.545,62.58,68.21,1.04e+13,7590,9.7,4.4
"357",499,"Changchun","China","NO",0,0,71147.19953,6496,7,4.929376455,2.43159566,2.43159566,17.20308495,1.773774789,82755.60239,457285.95,NA,0,100,1,41621,38736.66667,40.57,56.24,0,145.644,0.01,3386544,-0.545,62.58,68.21,1.04e+13,7590,9.7,4.4
"358",500,"Teresina","Brazil","NO",0,0,238778.9239,NA,1,NA,5.762424041,5.762424041,9.655988693,1.082775865,238778.9239,2.423070617,NA,0,100,0,NA,NA,0.3,4.56,7.7,180.884,0.09,900070,-0.027,58.01,53.6,2.35e+12,11384,3.1,3.9
"359",501,"Mogadishu","Somalia","NO",0,0,NA,NA,1,6.711176471,NA,6.711176471,19.85936928,0.407976158,0,0,NA,0,0,0,10597,10597,0.48,20.65,23.13,0,NA,1425660,-2.231,NA,NA,5.71e+09,543,NA,NA
"360",502,"Florianopolis","Brazil","NO",0,0,734.5023126,461,2,NA,NA,NA,NA,NA,876.4739919,12462397.42,NA,0,100,0,NA,NA,91.68,5.63,37.28,180.884,0.09,1010091,-0.027,58.01,53.6,2.35e+12,11384,3.1,3.9
"361",503,"Maracay","Venezuela","NO",0,0,5166.639089,552,4,NA,6.314814815,6.314814815,19.8188198,3.177367858,5166.639093,320397508.3,NA,1612,75.25,0,73638,49111.75,6.43,26.23,24.54,24.271,0.2,1067988,-1.312,41.41,60.89,3.81e+11,12772,2.3,1.6
"362",504,"Panama City","Panama","NO",0,0,1699.068549,725,1,NA,NA,NA,0.81073076,0.223345579,1019.012611,9.02653318,NA,0,100,0,28845,28845,91.17,4.15,92.47,17.562,4.08,1504133,0.061,69.22,58.87,46212600000,11949,5.9,4.7
"363",505,"Abuja","Nigeria","NO",0,0,2902.568161,NA,3,NA,2.083333333,2.083333333,7.073909764,0.812926901,2902.568161,8779424.088,NA,2868,100,0,72651,39642.66667,0.01,73.55,0,19.12,0.03,1813724,-1.149,47.33,47.71,5.69e+11,3203,6.2,3.8
"364",506,"Agadir","Morocco","NO",0,0,2750.31299,157,5,9,9,9,24.54961014,5.255896521,2750.312989,4991035.177,NA,0,50.5,0,103414,42728.4,0.03,18.52,81.77,4.333,0.2,629050,-0.345,65.06,60.14,1.1e+11,3190,4.4,4.7
"365",507,"Samarinda","Indonesia","NO",0,0,6049.776668,144,3,NA,3.388011152,3.388011152,22.25322151,2.709898419,76232.75932,370177.9792,NA,0,100,1,12424,6179.333333,87.5,9.59,14.66,30.364,0,731589,-0.352,59.15,37.28,8.89e+11,3492,4.6,4.3
"366",508,"Cordoba","Argentina","NO",0,0,2554.674326,436,3,5.643641546,10,8.910910386,23.42636681,0.409909599,2554.674327,2032989.521,NA,1.55e+09,75.25,0,10266,28212.33333,2.16,14.57,6.55,38.688,0.47,325543,-0.362,57.48,63.88,5.38e+11,12510,3.3,2.9
"367",509,"Yekaterinburg","Russia","NO",0,0,6309.953896,550,5,NA,1,1,6.614827638,1.060775866,6955.972777,20151623.72,NA,0,100,0,12722,42525.8,92.97,3.54,0.02,76.827,0.07,1347692,-0.712,66.66,75.85,1.86e+12,12736,2.4,3.3
"368",510,"Mosul","Iraq","NO",0,0,50913.25762,NA,2,NA,NA,NA,NA,NA,50913.25762,303365.4239,NA,0,50.5,1,6689,24830,0.09,21.29,0,0,NA,1446940,-1.356,50.36,47.32,2.24e+11,6420,8,NA
"369",511,"Shiraz","Iran","NO",0,0,4456.319217,300,2,NA,9.036082474,9.036082474,23.4217186,4.962323109,4456.319218,861235.564,NA,0,50.5,0,1928,37844,0.03,4.94,0.79,13.858,0.06,1395166,-1.121,56.51,63.35,4.25e+11,5443,3.3,3.9
"370",512,"Bridgeport","United States","NO",0,1,234.0333045,NA,8,NA,NA,NA,2.196749263,0.904146653,299.1691653,17758409.37,NA,0,100,0,10740,11008.5,91.9,3.97,3.67,7483.807,0.25,924186,1.21,81.98,67.26,1.74e+13,54630,2.5,5.5
"371",514,"Manaus","Brazil","NO",0,0,715983.0275,650,2,4.306392792,3.723149114,4.014770953,35.70838928,0.728444405,715983.0275,14256.59923,NA,0,50.5,1,7160,8483.5,84.66,2.48,47.08,180.884,0.09,1788998,-0.027,58.01,53.6,2.35e+12,11384,3.1,3.9
"372",515,"Rosario","Argentina","NO",0,0,2537580.179,961,2,1.648530806,NA,1.648530806,2.363617897,0.138607774,2537580.179,191210.2678,NA,0,50.5,1,12448,7686,12.76,37.22,5.37,38.688,0.47,1298073,-0.362,57.48,63.88,5.38e+11,12510,3.3,2.9
"373",516,"Santa Cruz (USA)","United States","NO",0,1,374.5254548,164,1,NA,NA,NA,NA,NA,0,0,NA,0,0,0,1244,1244,30.19,18.14,13.22,7483.807,0.25,1065310,1.21,81.98,67.26,1.74e+13,54630,2.5,5.5
"374",517,"Bucaramanga","Colombia","NO",0,0,1289.000072,153,3,NA,NA,NA,0,3.248503685,1827.424612,359113.3829,NA,0,100,0,4987,6837.666667,0,0,0,67.96,0.21,1086175,-0.307,72.29,37.66,3.78e+11,7904,3.7,4.1
"375",518,"Curitiba","Brazil","NO",0,0,437.9939467,1516,6,NA,NA,NA,NA,NA,486.8384063,2879871.676,NA,0,100,0,21987,19929.4,0,0,0,180.884,0.09,3118137,-0.027,58.01,53.6,2.35e+12,11384,3.1,3.9
"376",519,"Campinas","Brazil","NO",0,0,2568.014401,271,8,NA,NA,NA,NA,NA,6027.42176,4210046.819,1131.527579,855,100,0,7040,6906,28.15,25.69,74.26,180.884,0.09,2792846,-0.027,58.01,53.6,2.35e+12,11384,3.1,3.9
"377",520,"Goiania","Brazil","YES",1,0,2479.427971,NA,4,NA,NA,NA,0.614574373,1.031266391,4163.883034,532413.4382,NA,0,75.25,0,12766,14817.5,0,0,28.61,180.884,0.09,2048878,-0.027,58.01,53.6,2.35e+12,11384,3.1,3.9
"378",521,"Belem","Brazil","NO",0,0,49690.36132,552,4,NA,1.063636364,1.063636364,4.101905823,0.689856567,49719.61143,20036727.68,NA,0,75.19375,1,7517,6525.5,55.81,14.12,9.71,180.884,0.09,2022566,-0.027,58.01,53.6,2.35e+12,11384,3.1,3.9
"379",522,"Grande Vitoria","Brazil","NO",0,0,3702.999002,673,2,NA,1,1,17.85971656,2.782941716,3702.999017,91948.69507,NA,0,100,1,11645,12827.5,28.49,17.84,1.14,180.884,0.09,1524280,-0.027,58.01,53.6,2.35e+12,11384,3.1,3.9
"380",523,"Santos","Brazil","NO",0,0,161.9901436,5789,3,NA,NA,NA,17.98056639,4.312801293,161.9901438,22265.01782,NA,0,100,0,13341,13341,90.84,0.12,94.45,180.884,0.09,NA,-0.027,58.01,53.6,2.35e+12,11384,3.1,3.9
"381",524,"Sao Luis","Brazil","NO",0,0,NA,204,5,NA,NA,NA,17.79297638,1.028368936,52638.73425,19938727.51,NA,0,100,0,54919,21188,12.08,2.63,2.87,180.884,0.09,1303803,-0.027,58.01,53.6,2.35e+12,11384,3.1,3.9
"382",525,"Natal","Brazil","NO",0,0,569.4247563,NA,3,8.548913043,9,9,1.84190464,0.473998424,569.4247569,735094.6073,NA,0,75.25,2,6014,13726.33333,0.37,36.19,2.74,180.884,0.09,1056387,-0.027,58.01,53.6,2.35e+12,11384,3.1,3.9
"383",526,"Maceio","Brazil","NO",0,0,385.392559,NA,5,NA,NA,NA,2.812866688,0.613411013,385.7696933,13740096.9,NA,0,100,0,15918,11097.8,0.85,89,3.52,180.884,0.09,1154403,-0.027,58.01,53.6,2.35e+12,11384,3.1,3.9
"384",527,"Joao Pessoa","Brazil","NO",0,0,460.7641819,NA,4,NA,8.615384615,8.615384615,3.247455802,0.930034946,460.7641823,5810769.103,NA,0,75.25,0,10561,11188.5,0.4,79.25,8.44,180.884,0.09,1004369,-0.027,58.01,53.6,2.35e+12,11384,3.1,3.9
"385",528,"Valencia","Venezuela","NO",0,0,1139.938517,552,4,NA,4,4,11.20180488,3.839077677,3965.625299,160295273.6,NA,1692.1,75.25,0,9826,17091.33333,31.25,25,29.97,24.271,0.2,784667,-1.312,41.41,60.89,3.81e+11,12772,2.3,1.6
"386",529,"Maracaibo","Venezuela","NO",0,0,2835.066016,NA,5,NA,9,9,23.59006531,4.942827761,2835.066016,6686601.757,NA,4223.25,100,0,94791,65653,66.93,14.87,42.06,24.271,0.2,2037473,-1.312,41.41,60.89,3.81e+11,12772,2.3,1.6
"387",530,"Barcelona (Spain)","Spain","NO",0,0,2743.340208,NA,2,NA,NA,NA,NA,NA,724.7777375,31101.75716,NA,0,100,0,97698,66406.5,87.83,5.02,93.86,8.098,0.88,4933548,0.811,73.17,62.65,1.38e+12,29767,2.1,4.3
"388",531,"Ciudad Guayana","Venezuela","NO",0,0,90776.42852,NA,1,NA,3.08270202,3.08270202,36.4434967,2.51129005,90776.42852,4195535.935,NA,0,100,1,8475,8475,74.9,3.6,84.31,24.271,0.2,666804,-1.312,41.41,60.89,3.81e+11,12772,2.3,1.6
"389",532,"Ciudad de Guatemala","Guatemala","NO",0,0,3258.538347,329,4,NA,10,10,23.50543104,5.104035624,3259.74041,23231.06212,NA,0,75.25,0,19650,29500.75,20.39,11.91,1.78,31.708,1.08,2583587,-0.619,64.88,46.35,58827085047,3673,3.7,4.2
"390",533,"Valparaiso","Chile","NO",0,0,6440.92865,442,5,NA,10,10,37.22612708,10.52922976,6441.609345,68193.16849,NA,0,100,1,50828,20951.8,0.92,5.75,3.16,16.936,0.38,872316,1.174,71.24,63.85,2.58e+11,14528,4.4,5.1
"391",534,"Cartagena","Colombia","YES",1,0,260022.6637,216,2,NA,8.642857143,8.642857143,17.00357819,1.12285873,260022.6636,359203.9525,NA,0,100,1,47480,36450.5,7.9,22.94,0.4,67.96,0.21,962799,-0.307,72.29,37.66,3.78e+11,7904,3.7,4.1
"392",535,"Cucuta","Colombia","NO",0,0,2476.069682,212,2,NA,1,1,31.74446075,10.63889757,2476.069796,27054233.96,NA,0,100,0,5043,7762,75.74,6.27,0,67.96,0.21,774513,-0.307,72.29,37.66,3.78e+11,7904,3.7,4.1
"393",536,"San Salvador","El Salvador","NO",0,0,5113.427456,273,2,NA,10,10,22.89370728,4.408708788,5113.427456,187076.1536,NA,0,50.5,1,2678,18993,6.71,55.63,9.56,6.829,1.25,1086428,-0.156,59.93,60.06,25163700000,4120,2.6,3.7
"394",537,"Juarez","Mexico","NO",0,0,NA,427,1,NA,NA,NA,NA,NA,0,0,NA,0,0,0,6799,6799,0.01,1.26,5.74,94.044,0.12,608932,-0.158,71.53,64.61,1.29e+12,10326,2.6,4
"395",538,"Merida","Mexico","NO",0,0,NA,NA,1,NA,NA,NA,NA,NA,0,0,NA,0,0,0,9880,9880,NA,NA,NA,94.044,0.12,304930,-0.158,71.53,64.61,1.29e+12,10326,2.6,4
"396",539,"Puebla de Zaragoza","Mexico","NO",0,0,NA,NA,1,NA,NA,NA,NA,NA,0,0,NA,0,0,0,13364,13364,NA,NA,NA,94.044,0.12,2732939,-0.158,71.53,64.61,1.29e+12,10326,2.6,4
"397",540,"Queretaro","Mexico","NO",0,0,12208.66473,NA,3,NA,2.908116386,NA,28.30923939,2.72082045,12208.66473,980751.2204,NA,0,50.5,0,80676,80676,3.54,37.08,9.72,94.044,0.12,1099702,-0.158,71.53,64.61,1.29e+12,10326,2.6,4
"398",541,"San Luis Potosi","Mexico","NO",0,0,NA,274,7,8.830882353,7,7.915441176,17.23581505,1.527340105,689.3763948,949825.9534,NA,0,100,0,12918,15324.71429,1.48,0.06,1.9,94.044,0.12,1042172,-0.158,71.53,64.61,1.29e+12,10326,2.6,4
"399",542,"Tijuana","Mexico","NO",0,0,619929.8501,287,4,NA,9.563854048,9.563854048,25.97171974,2.148445717,619930.1525,237076541.5,NA,710,75.25,2,204699,65094.5,1.26,2.69,14.78,94.044,0.12,1755175,-0.158,71.53,64.61,1.29e+12,10326,2.6,4
"400",543,"Toluca","Mexico","NO",0,0,NA,NA,8,NA,NA,NA,NA,NA,5541.606489,1022447.52,222.0955064,6.33e+09,100,0,4954,4954,31.21,25.15,57.21,94.044,0.12,1939783,-0.158,71.53,64.61,1.29e+12,10326,2.6,4
"401",544,"Torreon","Mexico","NO",0,0,NA,172,1,NA,NA,NA,NA,NA,0,0,NA,0,0,0,11451,11451,NA,NA,NA,94.044,0.12,1217706,-0.158,71.53,64.61,1.29e+12,10326,2.6,4
"402",545,"Mendoza","Argentina","NO",0,0,8108.351542,NA,2,7.230412712,7.528169014,7.230412712,38.72839601,11.98956705,8108.351542,158238.0819,NA,0,50.5,1,2868,10721,0.16,0.48,16.99,38.688,0.47,948781,-0.362,57.48,63.88,5.38e+11,12510,3.3,2.9
"403",546,"Barquisimeto","Venezuela","NO",0,0,NA,NA,4,NA,5.549295775,5.549295775,25.68699646,3.917078502,9909.631546,290449.8699,NA,624,75.25,0,17147,44471,16.84,32.51,26.47,24.271,0.2,1015534,-1.312,41.41,60.89,3.81e+11,12772,2.3,1.6
"404",547,"Milano","Italy","NO",0,0,NA,630,1,NA,NA,NA,NA,NA,0,0,NA,0,0,0,17387,17387,9.46,78.19,8.06,5.44,0.38,3056107,0.497,68.48,45.61,2.14e+12,34909,0.7,4.1
"405",548,"Vancouver","Canada","NO",0,0,550.3677967,1080,3,NA,NA,NA,25.06904447,11.91246246,550.3677967,397099.7285,NA,0,100,1,26839,35068.66667,94.87,0,0,1083.101,1.15,2278216,1.598,79.09,63.76,1.79e+12,50235,2.7,6
"406",549,"Venezia","Italy","NO",0,0,364.0985087,170,2,NA,NA,NA,NA,NA,364.098509,1205699.181,NA,0,50.5,0,42080,34035,6.65,76.32,9.76,5.44,0.38,618364,0.497,68.48,45.61,2.14e+12,34909,0.7,4.1
"407",550,"Rotterdam","Netherlands","NO",0,0,33927.44036,657,6,NA,1,1,8.692728996,0.696473974,33927.44036,3673156.457,NA,0,50.5,2,32797,41387.16667,19.16,65.86,23.56,999.776,1.98,995870,1.682,75.01,75.1,8.79e+11,52172,2,6
"408",551,"Basel","Switzerland","YES",1,0,NA,71,1,NA,NA,NA,NA,NA,0,0,NA,0,0,0,6127,6127,17.34,78.21,20.88,258.812,1.23,497625,1.731,77.78,72.2,7.01e+11,85594,1.8,6.3
"409",552,"Heidelberg","Germany","NO",0,0,13738.17455,29,4,NA,NA,NA,NA,NA,13738.17455,0,NA,0,0,0,6792,9130.5,17.34,78.21,20.88,102.923,0.28,150000,1.466,79.73,76.74,3.87e+12,47822,1.4,5.8
"410",553,"Yokohama","Japan","NO",0,0,2273.514279,1165,8,NA,NA,NA,19.91200332,4.933418379,6385.519572,0,NA,0,100,0,15789,33217.75,67.6,4.49,38.94,NA,0.15,3693733,1.306,74.8,69.95,4.6e+12,36194,0.8,6.2
"411",554,"Changwon","South Korea","NO",0,0,21126.04462,330,2,NA,1,1,10.04230559,4.811236342,41802.14819,0,NA,0,50.5,0,19434,24113,93.06,6.94,6.89,82.402,0.1,1059501,-1.635,83.4,81.71,1.41e+12,27971,4.8,4.6
"412",557,"Bristol","United Kingdom","YES",1,0,11183.86491,265,7,1,1,1,11.05636311,1.322090193,11272.76901,0,NA,0,50.5,1,26227,20736.85714,8.82,57.97,19.5,701.211,0.89,612093,1.399,80.96,68.08,2.99e+12,46332,2.4,6.3
"413",558,"Christchurch","New Zealand","NO",0,0,NA,145,1,NA,NA,NA,18.70491028,2.487988969,0,0,NA,0,0,0,8294,8294,13.44,23.9,1.77,179.829,1.78,356169,1.807,86.91,77.84,1.88e+11,37897,2.8,6.1
"414",559,"Glasgow","United Kingdom","NO",0,0,97.9635545,1300,1,NA,NA,NA,12.71711361,5.8727506,97.96355455,0,NA,0,100,0,50597,50597,48.79,15.52,100,701.211,0.89,1206831,1.399,80.96,68.08,2.99e+12,46332,2.4,6.3
"415",560,"Durban","South Africa","NO",0,0,4139.145622,NA,3,NA,4.410958904,4.410958904,13.52838591,3.138964815,6823.492105,0,NA,0,100,0,34267,27386,22.46,25.63,2.55,111.036,0.37,2738863,0.229,71.08,66.14,3.5e+11,6483,3.1,5.5
"416",561,"Santa Fe","United States","YES",1,1,36637.13313,34,4,9,NA,NA,18.53550304,2.889912236,36697.22019,0,NA,0,75.25,0,14666,13552.75,20.25,4.22,14.2,7483.807,0.25,687855,1.21,81.98,67.26,1.74e+13,54630,2.5,5.5
